place_id,name,city,query_category,source_query,primary_type,address,latitude,longitude,rating,user_rating_count,price_level,google_maps_uri,is_food,is_tourist_spot
ChIJpQvTG0uxbTkRDLLMHlNdDoY,Hawa Mahal,Jaipur,tourist_spot,best tourist attractions,castle,"Hawa Mahal Rd, Badi Choupad, J.D.A. Market, Kanwar Nagar, Jaipur, Rajasthan 302002",26.9240458,75.8267144,4.5,165658,PRICE_LEVEL_MODERATE,https://maps.google.com/?cid=9659760862336692748&g_mp=Cidnb29nbGUubWFwcy5wbGFjZXMudjEuUGxhY2VzLlNlYXJjaFRleHQQAhgEIAA,False,True
ChIJwbAghgu0bTkRYHt9ATEVgEQ,The City Palace,Jaipur,tourist_spot,best tourist attractions,historical_place,"Gangori Bazaar, J.D.A. Market, Kanwar Nagar, Jaipur, Rajasthan 302002",26.925794300000003,75.8236714,4.4,58994,PRICE_LEVEL_MODERATE,https://maps.google.com/?cid=4935968491820645216&g_mp=Cidnb29nbGUubWFwcy5wbGFjZXMudjEuUGxhY2VzLlNlYXJjaFRleHQQAhgEIAA,False,True
ChIJx0lfsbGxbTkRgVOhxJ7EGbw,Jaigarh Fort,Jaipur,tourist_spot,best tourist attractions,museum,"Devisinghpura, Amer, Jaipur, Rajasthan 302028",26.981605199999997,75.8447917,4.5,31961,PRICE_LEVEL_MODERATE,https://maps.google.com/?cid=13554080739731002241&g_mp=Cidnb29nbGUubWFwcy5wbGFjZXMudjEuUGxhY2VzLlNlYXJjaFRleHQQAhgEIAA,False,True
ChIJlXJ26RuxbTkR0qsToxFP05c,Jal Mahal,Jaipur,tourist_spot,best tourist attractions,historical_landmark,"Jal Mahal, Amer, Jaipur, Rajasthan 302002",26.9534584,75.84612349999999,4.2,39950,PRICE_LEVEL_MODERATE,https://maps.google.com/?cid=10940174856982080466&g_mp=Cidnb29nbGUubWFwcy5wbGFjZXMudjEuUGxhY2VzLlNlYXJjaFRleHQQAhgEIAA,False,True
ChIJaXD1f0yxbTkRvquNoSkESuk,Jantar Mantar,Jaipur,tourist_spot,best tourist attractions,,"Malve Nagar, J.D.A. Market, Kanwar Nagar, Jaipur, Rajasthan 302002",26.924761999999998,75.82455999999999,4.5,42876,PRICE_LEVEL_MODERATE,https://maps.google.com/?cid=16810253135964384190&g_mp=Cidnb29nbGUubWFwcy5wbGFjZXMudjEuUGxhY2VzLlNlYXJjaFRleHQQAhgEIAA,False,True
ChIJkzbjKhm3bTkRNiCT5-dA6vU,Sisodia Rani ka Bagh,Jaipur,tourist_spot,best tourist attractions,garden,"VVX5+QF9, Agra Rd, Ghat Ki Guni, Jaipur, Rajasthan 302003",26.8994218,75.8587309,4.4,6476,PRICE_LEVEL_MODERATE,https://maps.google.com/?cid=17720047048609439798&g_mp=Cidnb29nbGUubWFwcy5wbGFjZXMudjEuUGxhY2VzLlNlYXJjaFRleHQQAhgEIAA,False,True
ChIJseuwKkmxbTkRBW83y7v7Hto,Jai Niwas Garden,Jaipur,tourist_spot,best tourist attractions,garden,"B-91, Rajamal Ka Talab Rd, Gangori Bazaar, J.D.A. Market, Kanwar Nagar, Jaipur, Rajasthan 302002",26.93,75.8247222,4.4,26449,PRICE_LEVEL_MODERATE,https://maps.google.com/?cid=15717276533556473605&g_mp=Cidnb29nbGUubWFwcy5wbGFjZXMudjEuUGxhY2VzLlNlYXJjaFRleHQQAhgEIAA,False,True
ChIJCSKP80yxbTkRAKT8rQW0iOw,Tripolia Gate,Jaipur,tourist_spot,best tourist attractions,historical_landmark,"Tripolia Bazar, Badi Choupad, J.D.A. Market, Pink City, Jaipur, Rajasthan 302002",26.924049699999998,75.82275159999999,4.4,6794,PRICE_LEVEL_MODERATE,https://maps.google.com/?cid=17044070726270493696&g_mp=Cidnb29nbGUubWFwcy5wbGFjZXMudjEuUGxhY2VzLlNlYXJjaFRleHQQAhgEIAA,False,True
ChIJ-w3Sy1qwbTkRK34UR2ffIWI,Amber Palace,Jaipur,tourist_spot,best tourist attractions,castle,"Devisinghpura, Amer, Jaipur, Rajasthan 302001",26.9854865,75.8513454,4.6,171892,PRICE_LEVEL_MODERATE,https://maps.google.com/?cid=7071178524615540267&g_mp=Cidnb29nbGUubWFwcy5wbGFjZXMudjEuUGxhY2VzLlNlYXJjaFRleHQQAhgEIAA,False,True
ChIJ34tpDCK0bTkRQcEb5xYz9Po,Amar Jawan Jyoti,Jaipur,tourist_spot,best tourist attractions,park,"VQWX+6XW, Jan Path, Jaipur Nagar Nigam, Lalkothi, Jaipur, Rajasthan 302015",26.8956032,75.7999567,4.7,11696,PRICE_LEVEL_MODERATE,https://maps.google.com/?cid=18083134577259036993&g_mp=Cidnb29nbGUubWFwcy5wbGFjZXMudjEuUGxhY2VzLlNlYXJjaFRleHQQAhgEIAA,False,True
ChIJcXc6vH2xbTkRbcIu9i9aSk8,"Sheesh Mahal, Amber Fort",Jaipur,tourist_spot,best tourist attractions,tourist_attraction,"JAIGARH FORT, Devisinghpura, Amber, Jaipur, Rajasthan 302028",26.9857093,75.8506434,4.6,6226,PRICE_LEVEL_MODERATE,https://maps.google.com/?cid=5713478239313117805&g_mp=Cidnb29nbGUubWFwcy5wbGFjZXMudjEuUGxhY2VzLlNlYXJjaFRleHQQAhgEIAA,False,True
ChIJI0QOpK22bTkRh97plqjaGLQ,Ajmeri Gate,Jaipur,tourist_spot,best tourist attractions,historical_place,"99, Nehru Bazar Rd, Jayanti Market, Modikhana, Jaipur, Rajasthan 302003",26.917647,75.81665679999999,4.4,15044,PRICE_LEVEL_MODERATE,https://maps.google.com/?cid=12977362743889354375&g_mp=Cidnb29nbGUubWFwcy5wbGFjZXMudjEuUGxhY2VzLlNlYXJjaFRleHQQAhgEIAA,False,True
ChIJuxSir0ixbTkRMU7RQ0c0GYI,Tal Katora Lake,Jaipur,tourist_spot,best tourist attractions,tourist_attraction,"388, Talkatora Rd, Rajhans Colony, Tripolia Bazar, Kanwar Nagar, Jaipur, Rajasthan 302002",26.9338978,75.8253257,4.1,1315,PRICE_LEVEL_MODERATE,https://maps.google.com/?cid=9374581580033510961&g_mp=Cidnb29nbGUubWFwcy5wbGFjZXMudjEuUGxhY2VzLlNlYXJjaFRleHQQAhgEIAA,False,True
ChIJNWQbG7OxbTkR3i3awnO4lOE,Chand Pol (Moon Gate),Jaipur,tourist_spot,best tourist attractions,tourist_attraction,"Amer Palace and Fort, Amer Rd, Devisinghpura, Amer, Jaipur, Rajasthan 302028",26.9871777,75.85092550000002,4.4,173,PRICE_LEVEL_MODERATE,https://maps.google.com/?cid=16254819762416791006&g_mp=Cidnb29nbGUubWFwcy5wbGFjZXMudjEuUGxhY2VzLlNlYXJjaFRleHQQAhgEIAA,False,True
ChIJUY2y-yaxbTkRe3Ss0MZjEuE,Elephant Fun Park | Elephant Sanctuary Office,Jaipur,tourist_spot,best tourist attractions,tourist_attraction,"3370, kumharo ka churaha, silwato ka rashta, chowkri ramchandra, Radha Damodar Ji Ki Gali, Tripolia Bazar, Modikhana, Jaipur, Rajasthan 302003",26.923220699999998,75.8211115,4.7,348,PRICE_LEVEL_MODERATE,https://maps.google.com/?cid=16218134913670214779&g_mp=Cidnb29nbGUubWFwcy5wbGFjZXMudjEuUGxhY2VzLlNlYXJjaFRleHQQAhgEIAA,False,True
ChIJbyYR3BCxbTkRxIx7wBreDmo,Jaipur Pink City,Jaipur,tourist_spot,best tourist attractions,tourist_attraction,"Badi Chaupar, WRF9+WC6, Badi Choupad, J.D.A. Market, Kanwar Nagar, Jaipur, Rajasthan 302001",26.9247923,75.8185061,4.3,30,PRICE_LEVEL_MODERATE,https://maps.google.com/?cid=7642289824174148804&g_mp=Cidnb29nbGUubWFwcy5wbGFjZXMudjEuUGxhY2VzLlNlYXJjaFRleHQQAhgEIAA,False,True
ChIJ0fNH81yxbTkRi56uF-amqgo,Nahargarh Fort,Jaipur,tourist_spot,best tourist attractions,castle,"Krishna Nagar, Brahampuri, Jaipur, Rajasthan 302001",26.9401659,75.8170373,4.5,78149,PRICE_LEVEL_MODERATE,https://maps.google.com/?cid=768610193590099595&g_mp=Cidnb29nbGUubWFwcy5wbGFjZXMudjEuUGxhY2VzLlNlYXJjaFRleHQQAhgEIAA,False,True
ChIJtdjhZ3-2bTkRDCTGdHdTRmo,Jaldhara,Jaipur,tourist_spot,best tourist attractions,park,"VR95+X67, Jawahar Lal Nehru Marg, Near Shiksha Sankul Gate, Mahesh Nagar Phatak, Bajaj Nagar, Jaipur, Rajasthan 302015",26.8699171,75.80805529999999,4.1,7425,PRICE_LEVEL_MODERATE,https://maps.google.com/?cid=7657899988915463180&g_mp=Cidnb29nbGUubWFwcy5wbGFjZXMudjEuUGxhY2VzLlNlYXJjaFRleHQQAhgEIAA,False,True
ChIJrUMVGkyxbTkR-d0twdb5jzU,Chandra Mahal,Jaipur,tourist_spot,best tourist attractions,historical_landmark,"WRGF+RC2, Agra Rd, Gangori Bazaar, J.D.A. Market, Brahampuri, Jaipur, Rajasthan 302002",26.9270086,75.8235041,4.4,174,PRICE_LEVEL_MODERATE,https://maps.google.com/?cid=3859578106439130617&g_mp=Cidnb29nbGUubWFwcy5wbGFjZXMudjEuUGxhY2VzLlNlYXJjaFRleHQQAhgEIAA,False,True
ChIJ2-vgqE2xbTkRS1ab-9TqZaM,Isarlat Sargasooli,Jaipur,tourist_spot,best tourist attractions,monument,"WRFC+Q8G, Aatish Market, Gangori Bazaar, J.D.A. Market, Kanwar Nagar, Jaipur, Rajasthan 302002",26.924445,75.82083659999999,4.5,7143,PRICE_LEVEL_MODERATE,https://maps.google.com/?cid=11774075001305257547&g_mp=Cidnb29nbGUubWFwcy5wbGFjZXMudjEuUGxhY2VzLlNlYXJjaFRleHQQAhgEIAA,False,True
ChIJ94NTG7WxbTkRcBL55cQFS98,Panna Meena ka Kund,Jaipur,tourist_spot,popular places to visit,historical_place,"XVR2+FGV, Amer, Rajasthan 302028",26.991230899999998,75.8512851,4.4,6366,PRICE_LEVEL_MODERATE,https://maps.google.com/?cid=16089960436941263472&g_mp=Cidnb29nbGUubWFwcy5wbGFjZXMudjEuUGxhY2VzLlNlYXJjaFRleHQQAhgEIAA,False,True
ChIJlUU0la22bTkRYjOPfx2lY9E,Jaipur Zoo,Jaipur,tourist_spot,popular places to visit,zoo,"Museum Rd, Ram Niwas Garden, Kailash Puri, Bagh, Jaipur, Rajasthan 302004",26.912309699999998,75.8211759,3.6,11128,PRICE_LEVEL_MODERATE,https://maps.google.com/?cid=15088084722734019426&g_mp=Cidnb29nbGUubWFwcy5wbGFjZXMudjEuUGxhY2VzLlNlYXJjaFRleHQQAhgEIAA,False,True
ChIJXyn5OrC2bTkRaGk8EzNDuwU,Albert Hall Museum,Jaipur,tourist_spot,popular places to visit,museum,"Ram Niwas Garden, Ashok Nagar, Jaipur, Rajasthan 302004",26.9115849,75.81941200000001,4.5,72782,PRICE_LEVEL_MODERATE,https://maps.google.com/?cid=412997677479651688&g_mp=Cidnb29nbGUubWFwcy5wbGFjZXMudjEuUGxhY2VzLlNlYXJjaFRleHQQAhgEIAA,False,True
ChIJq5wk2R-3bTkRLw-MpqvXGMg,Vidyadhar Bagh,Jaipur,tourist_spot,popular places to visit,park,"VVX3+WC9, Ghat Ki Guni, Jaipur, Rajasthan 302003",26.8997912,75.853619,4.3,1064,PRICE_LEVEL_MODERATE,https://maps.google.com/?cid=14418511339260219183&g_mp=Cidnb29nbGUubWFwcy5wbGFjZXMudjEuUGxhY2VzLlNlYXJjaFRleHQQAhgEIAA,False,True
ChIJ67xPmiGwbTkROPWfDp9m0rQ,Nahargarh Biological Park,Jaipur,tourist_spot,popular places to visit,zoo,"NH 8, Kukas, Sisiyawas, Rajasthan 302028",27.0160575,75.8644631,4.3,12350,PRICE_LEVEL_MODERATE,https://maps.google.com/?cid=13029589505267463480&g_mp=Cidnb29nbGUubWFwcy5wbGFjZXMudjEuUGxhY2VzLlNlYXJjaFRleHQQAhgEIAA,False,True
ChIJxUfgi0GxbTkR5Vqeib76O00,Gaitor Ki Chhatriyan,Jaipur,tourist_spot,popular places to visit,tourist_attraction,"309B, Mangala Rd, Bada Akhada, Krishna Nagar, Brahampuri, Jaipur, Rajasthan 302002",26.9430691,75.8246528,4.6,6157,PRICE_LEVEL_MODERATE,https://maps.google.com/?cid=5565317460805966565&g_mp=Cidnb29nbGUubWFwcy5wbGFjZXMudjEuUGxhY2VzLlNlYXJjaFRleHQQAhgEIAA,False,True
ChIJl7rLkBvPbTkRykMOxFMJafo,Chandlai lake,Jaipur,tourist_spot,popular places to visit,tourist_attraction,"Chandlai Lake, Chandlai, MVXH+H49, lake, Jaipur, Rajasthan 303903",26.6989093,75.8778634,4.2,710,PRICE_LEVEL_MODERATE,https://maps.google.com/?cid=18043963637412807626&g_mp=Cidnb29nbGUubWFwcy5wbGFjZXMudjEuUGxhY2VzLlNlYXJjaFRleHQQAhgEIAA,False,True
ChIJl6ftTjK0bTkRXGBe1TzRYCI,"THIKANA MANDIR SRI GOVINDDEVJI , JAIPUR",Jaipur,tourist_spot,popular places to visit,hindu_temple,"Jai Niwas Garden, Jalebi Chowk, 36, near THIKANA MANDIR SHRI GOVINDDEVJI MAHARAJ, opposite old Hindu Prakash band, Kamal Gatta Colony, J.D.A. Market, Brahampuri, Jaipur, Rajasthan 302002",26.9288341,75.8240701,4.9,18486,PRICE_LEVEL_MODERATE,https://maps.google.com/?cid=2477209854261747804&g_mp=Cidnb29nbGUubWFwcy5wbGFjZXMudjEuUGxhY2VzLlNlYXJjaFRleHQQAhgEIAA,False,True
ChIJd0cS9AG0bTkRv85ax6RwdtI,Blackout club in Jaipur,Jaipur,tourist_spot,popular places to visit,lounge_bar,"8th & 9th Floor,Landmark Building, Ashok Marg, Hotel Golden Oak, D38A, Ahinsa Cir, C Scheme, Ashok Nagar, Jaipur, Rajasthan 302001",26.9139169,75.8059111,4.3,8077,PRICE_LEVEL_EXPENSIVE,https://maps.google.com/?cid=15165432648238288575&g_mp=Cidnb29nbGUubWFwcy5wbGFjZXMudjEuUGxhY2VzLlNlYXJjaFRleHQQAhgEIAA,False,True
ChIJT7psBrC2bTkREdcNA0Ipcp4,Ramniwas Bagh,Jaipur,tourist_spot,historical places,park,"Jawahar Lal Nehru Marg, near albert hall, Ram Niwas Garden, Adarsh Nagar, Jaipur, Rajasthan 302003",26.9150353,75.8179325,4.4,6338,PRICE_LEVEL_MODERATE,https://maps.google.com/?cid=11417233368833447697&g_mp=Cidnb29nbGUubWFwcy5wbGFjZXMudjEuUGxhY2VzLlNlYXJjaFRleHQQAhgEIAA,False,True
ChIJW5u7qba2bTkRrl-zFRz7ZN0,Sanganeri Gate,Jaipur,tourist_spot,historical places,historical_landmark,"45a, Johari Bazar Rd, Bapu Bazar, Pink City, Jaipur, Rajasthan 302003",26.915848699999998,75.8248989,4.4,12226,PRICE_LEVEL_MODERATE,https://maps.google.com/?cid=15953151878094872494&g_mp=Cidnb29nbGUubWFwcy5wbGFjZXMudjEuUGxhY2VzLlNlYXJjaFRleHQQAhgEIAA,False,True
ChIJX7YmclaxbTkRzkgWVnWbu-g,Market Jaipur,Jaipur,tourist_spot,shopping markets,market,"D-13, Sansar Chandra Rd, Chandpol Bazar, Jalupura, Jaipur, Rajasthan 302001",26.9264501,75.80872939999999,4.4,3723,PRICE_LEVEL_MODERATE,https://maps.google.com/?cid=16770168565701953742&g_mp=Cidnb29nbGUubWFwcy5wbGFjZXMudjEuUGxhY2VzLlNlYXJjaFRleHQQAhgEIAA,False,True
ChIJz2S0q9C1bTkRr_3JFqQKREM,World Trade Park,Jaipur,tourist_spot,shopping markets,shopping_mall,"Jawahar Lal Nehru Marg, D-Block, Malviya Nagar, Jaipur, Rajasthan 302017",26.8529889,75.80486909999999,4.6,87889,PRICE_LEVEL_MODERATE,https://maps.google.com/?cid=4847010798830747055&g_mp=Cidnb29nbGUubWFwcy5wbGFjZXMudjEuUGxhY2VzLlNlYXJjaFRleHQQAhgEIAA,False,True
ChIJp0PoC9-1bTkR1Q9T_jA4Oh0,Dubai Bazaar,Jaipur,tourist_spot,shopping markets,shopping_mall,"3rd Floor, Adjoining Food Court, World Trade Park, JLN Marg, GT Rd, D-Block, Malviya Nagar, Jaipur, Rajasthan 302017",26.853749999999998,75.805144,4.3,3213,PRICE_LEVEL_MODERATE,https://maps.google.com/?cid=2106057558825570261&g_mp=Cidnb29nbGUubWFwcy5wbGFjZXMudjEuUGxhY2VzLlNlYXJjaFRleHQQAhgEIAA,False,True
ChIJuTyaOrK2bTkRMD36HnDUlWE,Jaipur Night Market,Jaipur,tourist_spot,shopping markets,market,"ki paal, opposite Rajasthan haat, Jal Mahal, Amer, Jaipur, Rajasthan 302003",26.9544425,75.84276380000001,4.3,972,PRICE_LEVEL_MODERATE,https://maps.google.com/?cid=7031759971230039344&g_mp=Cidnb29nbGUubWFwcy5wbGFjZXMudjEuUGxhY2VzLlNlYXJjaFRleHQQAhgEIAA,False,True
ChIJLycWqpa1bTkRmaBNJ3qXSkU,Tibetan market,Jaipur,tourist_spot,shopping markets,market,"Mahavir Marg, Mansarovar Sector 11, Mansarovar, Jaipur, Rajasthan 302020",26.8423312,75.77775570000001,4.1,2744,PRICE_LEVEL_MODERATE,https://maps.google.com/?cid=4992969687794819225&g_mp=Cidnb29nbGUubWFwcy5wbGFjZXMudjEuUGxhY2VzLlNlYXJjaFRleHQQAhgEIAA,False,True
ChIJqfRXxcO2bTkRYSS5F1T1Ev4,Pink Square Mall,Jaipur,tourist_spot,shopping markets,shopping_mall,"Plot No. 1, 2, Govind Marg, Saket Colony, Adarsh Nagar, Jaipur, Rajasthan 302004",26.9031809,75.8367426,4.3,29081,PRICE_LEVEL_MODERATE,https://maps.google.com/?cid=18307965176738554977&g_mp=Cidnb29nbGUubWFwcy5wbGFjZXMudjEuUGxhY2VzLlNlYXJjaFRleHQQAhgEIAA,False,True
ChIJY60fWQ22bTkRUDDXhKgNH00,Satkar Shopping Centre,Jaipur,tourist_spot,shopping markets,shopping_mall,"Sector 2, Malviya Nagar, Jaipur, Rajasthan 302017",26.8509305,75.81837209999999,4.2,8592,PRICE_LEVEL_MODERATE,https://maps.google.com/?cid=5557175482632843344&g_mp=Cidnb29nbGUubWFwcy5wbGFjZXMudjEuUGxhY2VzLlNlYXJjaFRleHQQAhgEIAA,False,True
ChIJdQaLBHi3bTkRHvmaWzqHluU,GT. Mall Jaipur,Jaipur,tourist_spot,shopping markets,shopping_mall,"D-Block, Crystal Court, Jawahar Nagar, Jaipur, Rajasthan 302017",26.856305499999998,75.8061446,4.4,4309,PRICE_LEVEL_MODERATE,https://maps.google.com/?cid=16543558965906831646&g_mp=Cidnb29nbGUubWFwcy5wbGFjZXMudjEuUGxhY2VzLlNlYXJjaFRleHQQAhgEIAA,False,True
ChIJg8Jw37O2bTkRDhuyvraZrk0,Saraogi Mansion,Jaipur,tourist_spot,shopping markets,shopping_mall,"Mirza Ismail Rd, Bapu Bazar, Biseswarji, Jaipur, Rajasthan 302003",26.9158658,75.8223271,4.1,9377,PRICE_LEVEL_MODERATE,https://maps.google.com/?cid=5597580397030546190&g_mp=Cidnb29nbGUubWFwcy5wbGFjZXMudjEuUGxhY2VzLlNlYXJjaFRleHQQAhgEIAA,False,True
ChIJ32elOEmxbTkRUFU7bXzvpqE,Maharani Market City Center Mall,Jaipur,tourist_spot,shopping markets,market,"Maharani Market City Center Mall,Near Govind Dev Ji Mandir,Kanwar Nagar, WRHG+G6W, Gangori Bazaar, J.D.A. Market, Brahampuri, Jaipur, Rajasthan 302002",26.9288715,75.8255862,3.6,1156,PRICE_LEVEL_MODERATE,https://maps.google.com/?cid=11648260803927954768&g_mp=Cidnb29nbGUubWFwcy5wbGFjZXMudjEuUGxhY2VzLlNlYXJjaFRleHQQAhgEIAA,False,True
ChIJjehfB2KzbTkRxMERcQo_BNw,London Street Bazaar,Jaipur,tourist_spot,shopping markets,shopping_mall,"C-180, Gautam Marg, Block C, Vaishali Nagar, Jaipur, Rajasthan 302021",26.9132972,75.7430139,4.1,30,PRICE_LEVEL_MODERATE,https://maps.google.com/?cid=15853865902330200516&g_mp=Cidnb29nbGUubWFwcy5wbGFjZXMudjEuUGxhY2VzLlNlYXJjaFRleHQQAhgEIAA,False,True
ChIJ5QHQE42xbTkRMTqGEt7Z-TE,Tripoliya Market,Jaipur,tourist_spot,shopping markets,market,"WRFG+5GC, Bapu Bazar, Biseswarji, Jaipur, Rajasthan 302003",26.922935300000002,75.8262708,4.3,205,PRICE_LEVEL_MODERATE,https://maps.google.com/?cid=3601148924876175921&g_mp=Cidnb29nbGUubWFwcy5wbGFjZXMudjEuUGxhY2VzLlNlYXJjaFRleHQQAhgEIAA,False,True
ChIJK7GYW6u2bTkR_hCqM8yPno0,Cloth Market,Jaipur,tourist_spot,shopping markets,market,"B-, 245, Khanjane Walon ka Rasta, 5th Crossing, Chandpole Bazar, Indira Bazar, Topkhana Desh, Jaipur, Rajasthan 302001",26.919479,75.81219990000001,4.2,1095,PRICE_LEVEL_MODERATE,https://maps.google.com/?cid=10204751912871006462&g_mp=Cidnb29nbGUubWFwcy5wbGFjZXMudjEuUGxhY2VzLlNlYXJjaFRleHQQAhgEIAA,False,True
ChIJg6fcKACxbTkRrMCXRXn_G80,Purohit Ji Ka,Jaipur,tourist_spot,shopping markets,shopping_mall,"WRCG+VC3, Tripolia Bazar, Bapu Bazar, Biseswarji, Jaipur, Rajasthan 302003",26.9221315,75.8260569,4.4,14,PRICE_LEVEL_MODERATE,https://maps.google.com/?cid=14779687498470113452&g_mp=Cidnb29nbGUubWFwcy5wbGFjZXMudjEuUGxhY2VzLlNlYXJjaFRleHQQAhgEIAA,False,True
ChIJdUN8eMSxbTkREtUMihurlVc,Shopping By Nameera,Jaipur,tourist_spot,shopping markets,shopping_mall,"149, Mohalla Billochiyan, Bilo Diyan Mohalla, Bas Badanpura, Jaipur, Rajasthan 302002",26.9335992,75.8445006,5.0,29,PRICE_LEVEL_MODERATE,https://maps.google.com/?cid=6311138587598181650&g_mp=Cidnb29nbGUubWFwcy5wbGFjZXMudjEuUGxhY2VzLlNlYXJjaFRleHQQAhgEIAA,False,True
ChIJJzCubUC1bTkRnBti-bFzrx0,STORE IN JAIPUR,Jaipur,tourist_spot,shopping markets,clothing_store,"B-4/179 Opposite Chitrakoot Stadium, Chitrakoot, Jaipur, Rajasthan 302021",26.9012843,75.7337752,3.6,300,PRICE_LEVEL_MODERATE,https://maps.google.com/?cid=2139055556254636956&g_mp=Cidnb29nbGUubWFwcy5wbGFjZXMudjEuUGxhY2VzLlNlYXJjaFRleHQQAhgEIAA,False,True
ChIJfYNu3cazbTkRVcFEhLix2z4,Reliance SMART Superstore,Jaipur,tourist_spot,shopping markets,shopping_mall,"G, 467, Road No. 12, Vishwakarma Industrial Area, Jaipur, Rajasthan 302013",26.990786099999998,75.7732154,4.1,1259,PRICE_LEVEL_MODERATE,https://maps.google.com/?cid=4529409256302362965&g_mp=Cidnb29nbGUubWFwcy5wbGFjZXMudjEuUGxhY2VzLlNlYXJjaFRleHQQAhgEIAA,False,True
ChIJbX8bzJm1bTkRDsom09zdqtc,Ganpati Plaza B.116-j M N communication,Jaipur,tourist_spot,shopping markets,shopping_mall,"Mirza Ismail Rd, Nangal Jaisabohra, Sindhi Camp, Jaipur, Rajasthan 302001",26.9191184,75.7988968,4.2,6775,PRICE_LEVEL_MODERATE,https://maps.google.com/?cid=15540477404700396046&g_mp=Cidnb29nbGUubWFwcy5wbGFjZXMudjEuUGxhY2VzLlNlYXJjaFRleHQQAhgEIAA,False,True
ChIJf8f15c-1bTkRqbZzJi0keoM,Sanganer market,Jaipur,tourist_spot,shopping markets,market,"117, Ajmer Rd, Laxmi Colony, Ganpati Nagar, Tonk Phatak, Jaipur, Rajasthan 302006",26.87982,75.7986008,4.2,53,PRICE_LEVEL_MODERATE,https://maps.google.com/?cid=9473924542464505513&g_mp=Cidnb29nbGUubWFwcy5wbGFjZXMudjEuUGxhY2VzLlNlYXJjaFRleHQQAhgEIAA,False,True
ChIJMzUB9Y63bTkRsB0m0ghRjz4,GT Square,Jaipur,tourist_spot,shopping markets,shopping_mall,"19, floor, 1, Gaurav Tower Marg, Kalyan Colony, D-Block, Sector 4, Malviya Nagar, Jaipur, Rajasthan 302017",26.854725,75.8071432,4.4,1005,PRICE_LEVEL_MODERATE,https://maps.google.com/?cid=4507910850348457392&g_mp=Cidnb29nbGUubWFwcy5wbGFjZXMudjEuUGxhY2VzLlNlYXJjaFRleHQQAhgEIAA,False,True
ChIJhd3BQEmxbTkRklY1_w4_Qfk,Govindam Retreat,Jaipur,food,best local food restaurants,restaurant,"First Floor, All Rajasthan Shilp Gram Udyog, Rajamal Ka Talab Rd, near Govind Dev Ji Temple, above All Rajasthan Shilp Gram Udyog, Gangori Bazaar, Brahampuri, Kanwar Nagar, Jaipur, Rajasthan 302002",26.9288767,75.8255344,4.4,8536,PRICE_LEVEL_MODERATE,https://maps.google.com/?cid=17960706122574026386&g_mp=Cidnb29nbGUubWFwcy5wbGFjZXMudjEuUGxhY2VzLlNlYXJjaFRleHQQAhgEIAA,True,False
ChIJ0RfdzAK0bTkRIyPIfI-iC7s,Suvarna Mahal,Jaipur,food,best local food restaurants,north_indian_restaurant,"RAMBAGH PALACE, Bhawani Singh Rd, Rambagh, Jaipur, Rajasthan 302015",26.898130899999998,75.80823989999999,4.7,3615,PRICE_LEVEL_MODERATE,https://maps.google.com/?cid=13478045046993855267&g_mp=Cidnb29nbGUubWFwcy5wbGFjZXMudjEuUGxhY2VzLlNlYXJjaFRleHQQAhgEIAA,True,False
ChIJERP0VLG2bTkRrVzfUlilTMg,Handi restaurant jaipur,Jaipur,food,best local food restaurants,restaurant,"Mirza Ismail Rd, opp. GPO, C Scheme, Ashok Nagar, Jaipur, Rajasthan 302001",26.9168891,75.8039984,4.1,12760,PRICE_LEVEL_MODERATE,https://maps.google.com/?cid=14433092704581672109&g_mp=Cidnb29nbGUubWFwcy5wbGFjZXMudjEuUGxhY2VzLlNlYXJjaFRleHQQAhgEIAA,True,False
ChIJOVIF1Ae0bTkRg3MHB2cyUzM,Peacock Restaurant,Jaipur,food,best local food restaurants,north_indian_restaurant,"51, Hathroi Fort, Hari Kishan Somani Marg, near Native Cocktail bar, Ajmer Rd, Hathroi, Jaipur, Rajasthan 302001",26.9163158,75.7955975,4.4,3597,PRICE_LEVEL_MODERATE,https://maps.google.com/?cid=3698355137082258307&g_mp=Cidnb29nbGUubWFwcy5wbGFjZXMudjEuUGxhY2VzLlNlYXJjaFRleHQQAhgEIAA,True,False
ChIJQzuEigK0bTkRnCgFaNHJOiU,Thali And More,Jaipur,food,best local food restaurants,north_indian_restaurant,"1st floor plot no, C 46, Sarojini Marg, C Scheme, Ashok Nagar, Jaipur, Rajasthan 302001",26.9109283,75.80547179999999,4.4,8652,PRICE_LEVEL_MODERATE,https://maps.google.com/?cid=2682678429283068060&g_mp=Cidnb29nbGUubWFwcy5wbGFjZXMudjEuUGxhY2VzLlNlYXJjaFRleHQQAhgEIAA,True,False
ChIJtbB0Moy1bTkRmSZOdH2GNeo,The Lama,Jaipur,food,best local food restaurants,restaurant,"145, Ramesh Marg, above OTH E, Durgadas Colony, C Scheme, Ashok Nagar, Jaipur, Rajasthan 302001",26.905239899999998,75.79454249999999,4.7,2861,PRICE_LEVEL_MODERATE,https://maps.google.com/?cid=16876543052021114521&g_mp=Cidnb29nbGUubWFwcy5wbGFjZXMudjEuUGxhY2VzLlNlYXJjaFRleHQQAhgEIAA,True,False
ChIJl27kVN-1bTkR0smwHHQHVR0,Skyfall Restaurant,Jaipur,food,best local food restaurants,restaurant,"5th Floor, Ridhi Tower, SB 57, Tonk Rd, opposite Sawai Mansingh Stadium, Bapu Nagar, Jaipur, Rajasthan 302015",26.8921922,75.80688719999999,4.3,6538,PRICE_LEVEL_EXPENSIVE,https://maps.google.com/?cid=2113603795399264722&g_mp=Cidnb29nbGUubWFwcy5wbGFjZXMudjEuUGxhY2VzLlNlYXJjaFRleHQQAhgEIAA,True,False
ChIJQ0SQ60ezbTkRybaDtH1tUew,Rajasthane kitchen,Jaipur,food,best local food restaurants,north_indian_restaurant,"khandla house, B-20, Shiv Marg, Kanti Nagar, Bani Park, Jaipur, Rajasthan 302016",26.9274953,75.79629109999999,4.9,303,PRICE_LEVEL_MODERATE,https://maps.google.com/?cid=17028512052731426505&g_mp=Cidnb29nbGUubWFwcy5wbGFjZXMudjEuUGxhY2VzLlNlYXJjaFRleHQQAhgEIAA,True,False
ChIJeb7QSfazbTkRM17jCWhKtwU,PESHAWRI,Jaipur,food,best local food restaurants,indian_restaurant,"ITC RAJPUTANA, Road, Palace, Jaipur, Rajasthan 302006",26.9193233,75.79174239999999,4.4,2100,PRICE_LEVEL_MODERATE,https://maps.google.com/?cid=411879701630639667&g_mp=Cidnb29nbGUubWFwcy5wbGFjZXMudjEuUGxhY2VzLlNlYXJjaFRleHQQAhgEIAA,True,False
ChIJocQxYPyzbTkRTWbMaHlsSyM,Pakwaan Candlelight Dinner Restaurant,Jaipur,food,best local food restaurants,north_indian_restaurant,"A- 40, near Peetal factory, Subash Nagar, Shastri Nagar, Jaipur, Rajasthan 302016",26.9374167,75.7962148,4.8,3664,PRICE_LEVEL_MODERATE,https://maps.google.com/?cid=2543245683285845581&g_mp=Cidnb29nbGUubWFwcy5wbGFjZXMudjEuUGxhY2VzLlNlYXJjaFRleHQQAhgEIAA,True,False
ChIJO5LVSdC1bTkRvmMtCTrtt3E,Rasraj Restaurant By Farmacy,Jaipur,food,best local food restaurants,restaurant,"Hathroi market, 5, Ajmer Rd, Patel Colony, Jaipur, Rajasthan 302001",26.9152742,75.7969036,4.9,783,PRICE_LEVEL_MODERATE,https://maps.google.com/?cid=8194278880541762494&g_mp=Cidnb29nbGUubWFwcy5wbGFjZXMudjEuUGxhY2VzLlNlYXJjaFRleHQQAhgEIAA,True,False
ChIJq-hS0ge0bTkR0t1j7jAFLRE,Kalyan Restaurant & Bar,Jaipur,food,best local food restaurants,restaurant,"59 Hathroi Fort Hari Kishan Somani Marg, Ajmer Rd, near Vidhayakpuri Police Station, Hathroi, Jaipur, Rajasthan 302001",26.9162751,75.79595259999999,4.5,4431,PRICE_LEVEL_MODERATE,https://maps.google.com/?cid=1237651180312845778&g_mp=Cidnb29nbGUubWFwcy5wbGFjZXMudjEuUGxhY2VzLlNlYXJjaFRleHQQAhgEIAA,True,False
ChIJh28neGKzbTkROV3FVf3-SJs,Bada Saab - The heritage kitchen,Jaipur,food,best local food restaurants,restaurant,"AD-1B, Devi Marg, New, Collectorate Cir, Bani Park, Jaipur, Rajasthan 302016",26.9256696,75.79073040000002,4.7,656,PRICE_LEVEL_MODERATE,https://maps.google.com/?cid=11189473638221176121&g_mp=Cidnb29nbGUubWFwcy5wbGFjZXMudjEuUGxhY2VzLlNlYXJjaFRleHQQAhgEIAA,True,False
ChIJZUcetEmxbTkRvMs924QeR94,Hawk View Restaurant & Bar,Jaipur,food,best local food restaurants,indian_restaurant,"76, Raja Mal Ka Talab, behind Kale Hanuman Ji Temple, Chandi Ki Taksal, J.D.A. Market, Brahampuri, Jaipur, Rajasthan 302002",26.9304857,75.82843609999999,4.3,1312,PRICE_LEVEL_MODERATE,https://maps.google.com/?cid=16016804155729234876&g_mp=Cidnb29nbGUubWFwcy5wbGFjZXMudjEuUGxhY2VzLlNlYXJjaFRleHQQAhgEIAA,True,False
ChIJr5HjFPW1bTkRNjOfOGVEw4I,Daniel's Oriental Kitchen,Jaipur,food,best local food restaurants,chinese_restaurant,"36 Sanjay Marg , Gopal Bari, Hathroi, Jaipur, Rajasthan 302001",26.915593599999998,75.7949382,4.8,1450,PRICE_LEVEL_MODERATE,https://maps.google.com/?cid=9422450046921552694&g_mp=Cidnb29nbGUubWFwcy5wbGFjZXMudjEuUGxhY2VzLlNlYXJjaFRleHQQAhgEIAA,True,False
ChIJXRlMFgy0bTkRW4M1mjb-pJc,Giardino,Jaipur,food,best local food restaurants,italian_restaurant,"Ground Floor, Jacob Rd, near Bharat peroleum, Civil Lines, Jaipur, Rajasthan 302006",26.913055600000003,75.7866667,4.7,820,PRICE_LEVEL_MODERATE,https://maps.google.com/?cid=10927138106376553307&g_mp=Cidnb29nbGUubWFwcy5wbGFjZXMudjEuUGxhY2VzLlNlYXJjaFRleHQQAhgEIAA,True,False
ChIJt6MuCPezbTkROAcfvKk6EpU,The Forresta Kitchen & Bar,Jaipur,food,best local food restaurants,brewpub,"Devraj Niwas, Mirza Ismail Rd, near Shri Amarapur Setu, Barodia Scheme, Bani Park, Jaipur, Rajasthan 302006",26.921508199999998,75.7934557,4.2,5018,PRICE_LEVEL_EXPENSIVE,https://maps.google.com/?cid=10741712561912088376&g_mp=Cidnb29nbGUubWFwcy5wbGFjZXMudjEuUGxhY2VzLlNlYXJjaFRleHQQAhgEIAA,True,False
ChIJTZ9GZeG1bTkRjwWOpO2l29Q,Spice Court,Jaipur,food,best local food restaurants,indian_restaurant,"Jacob Rd, Mysore House/Achrol House Colony, Madrampur, Civil Lines, Jaipur, Rajasthan 302006",26.911149700000003,75.7887628,4.2,3484,PRICE_LEVEL_EXPENSIVE,https://maps.google.com/?cid=15338035396026959247&g_mp=Cidnb29nbGUubWFwcy5wbGFjZXMudjEuUGxhY2VzLlNlYXJjaFRleHQQAhgEIAA,True,False
ChIJLbCTGUW1bTkRmqVyMhbQQp0,Queen's hub Night Club Rooftop Restaurant,Jaipur,food,best local food restaurants,night_club,"haldiya heights, 39, Girdhar Marg, Siddharth Nagar, Sector 9, Malviya Nagar, Jaipur, Rajasthan 302017",26.8476915,75.80485019999999,4.6,5989,PRICE_LEVEL_EXPENSIVE,https://maps.google.com/?cid=11331848406171821466&g_mp=Cidnb29nbGUubWFwcy5wbGFjZXMudjEuUGxhY2VzLlNlYXJjaFRleHQQAhgEIAA,True,False
ChIJr6wHJgy0bTkRWlnPE7es48Y,Marble Arch,Jaipur,food,best local food restaurants,north_indian_restaurant,"JAI MAHAL PALACE, Jacob Rd, near Science Park, Civil Lines, Jaipur, Rajasthan 302006",26.912203299999998,75.7851536,4.7,271,PRICE_LEVEL_MODERATE,https://maps.google.com/?cid=14331488341534398810&g_mp=Cidnb29nbGUubWFwcy5wbGFjZXMudjEuUGxhY2VzLlNlYXJjaFRleHQQAhgEIAA,True,False
ChIJn-pcyea3bTkR4K-wjKseidE,Masala Chowk,Jaipur,food,best street food,food_court,"Ram Niwas Bagh, Rina Rd, Ram Niwas Garden, Bardia Colony, Adarsh Nagar, Jaipur, Rajasthan 302004",26.9102854,75.820617,4.3,17092,PRICE_LEVEL_MODERATE,https://maps.google.com/?cid=15098632947884928992&g_mp=Cidnb29nbGUubWFwcy5wbGFjZXMudjEuUGxhY2VzLlNlYXJjaFRleHQQAhgEIAA,True,False
ChIJV9T9iGK3bTkRboIkBhENetg,N.S. STREET FOOD JUNCTION,Jaipur,food,best street food,fast_food_restaurant,"Opp Shop no. 7 & Opp Ganesh Restaurant New Gate, Nehru Bazar, Pink City, Jaipur, Rajasthan 302001",26.9168849,75.82045289999999,4.9,29,PRICE_LEVEL_MODERATE,https://maps.google.com/?cid=15598794626119795310&g_mp=Cidnb29nbGUubWFwcy5wbGFjZXMudjEuUGxhY2VzLlNlYXJjaFRleHQQAhgEIAA,True,False
ChIJ0yCO-Bu0bTkRJUDXPM13V3s,Kalkatta chat bhandar,Jaipur,food,best street food,restaurant,"Mall of Jaipur, Gandhi Path Rd, Acharya Vinoba Bhave Nagar, B Block, Vaishali Nagar, Jaipur, Rajasthan 302012",26.9061506,75.736424,4.4,2907,PRICE_LEVEL_MODERATE,https://maps.google.com/?cid=8887704113011703845&g_mp=Cidnb29nbGUubWFwcy5wbGFjZXMudjEuUGxhY2VzLlNlYXJjaFRleHQQAhgEIAA,True,False
ChIJGa-3vau2bTkRwmym_33pmqw,Lassiwala ®️ Kishan lal Govind Narain Agarwal,Jaipur,food,best street food,juice_shop,"Shop 312, Mirza Ismail Rd, Jayanti Market, Pink City, Jaipur, Rajasthan 302001",26.9164946,75.81110629999999,4.4,6284,PRICE_LEVEL_INEXPENSIVE,https://maps.google.com/?cid=12437510048306326722&g_mp=Cidnb29nbGUubWFwcy5wbGFjZXMudjEuUGxhY2VzLlNlYXJjaFRleHQQAhgEIAA,True,False
ChIJda0wLLO2bTkRc3FVR8w45JE,Samrat Restaurant,Jaipur,food,best street food,north_indian_restaurant,"Shop No.273, Choura Rasta, Pink City, Bapu Bazar, Biseswarji, Jaipur, Rajasthan 302003",26.9212271,75.8221751,4.2,5915,PRICE_LEVEL_INEXPENSIVE,https://maps.google.com/?cid=10512589880210846067&g_mp=Cidnb29nbGUubWFwcy5wbGFjZXMudjEuUGxhY2VzLlNlYXJjaFRleHQQAhgEIAA,True,False
ChIJt1D7UYm1bTkRchj3I8wmaKk,Jaipur Truckista- जैपुर Truckista,Jaipur,food,best street food,restaurant,"At, Sahdev Marg, near Statue Circle, C Scheme, Ashok Nagar, Jaipur, Rajasthan 302001",26.9055659,75.803012,4.3,24,PRICE_LEVEL_MODERATE,https://maps.google.com/?cid=12207049448206309490&g_mp=Cidnb29nbGUubWFwcy5wbGFjZXMudjEuUGxhY2VzLlNlYXJjaFRleHQQAhgEIAA,True,False
ChIJYf1rwj20bTkRRt1e8X-Qads,Street Food,Jaipur,food,best street food,fast_food_restaurant,"Shop No. 30 -Arjunpuri wala, 31, Adarsh Basti, Imli Phatak, Tonk Phatak, Jaipur, Rajasthan 302015",26.8785718,75.79823669999999,4.3,47,PRICE_LEVEL_MODERATE,https://maps.google.com/?cid=15810326846045609286&g_mp=Cidnb29nbGUubWFwcy5wbGFjZXMudjEuUGxhY2VzLlNlYXJjaFRleHQQAhgEIAA,True,False
ChIJayzUMJy2bTkRFYUhfXgaNxs,Sanjay Omelette - Egg Dee,Jaipur,food,best street food,indian_restaurant,"Janta Store, Shopping Centre, University Marg, Bapu Nagar, Jaipur, Rajasthan 302015",26.8903126,75.81045259999999,4.2,5389,PRICE_LEVEL_MODERATE,https://maps.google.com/?cid=1961065267540886805&g_mp=Cidnb29nbGUubWFwcy5wbGFjZXMudjEuUGxhY2VzLlNlYXJjaFRleHQQAhgEIAA,True,False
ChIJoyZBXkm1bTkRmnr-9llaauQ,Kolkata Street Food,Jaipur,food,best street food,fast_food_restaurant,"Jan Path, opp. Gulab Properties, near Gulab Marriage Garden, Nirman Nagar, Brijlalpura, Jaipur, Rajasthan 302019",26.8901459,75.75605030000001,4.4,17,PRICE_LEVEL_MODERATE,https://maps.google.com/?cid=16459067130621360794&g_mp=Cidnb29nbGUubWFwcy5wbGFjZXMudjEuUGxhY2VzLlNlYXJjaFRleHQQAhgEIAA,True,False
ChIJq3iGVbK2bTkRM4bi81HfQ1Y,Sahu Restaurant (Sahu Chai),Jaipur,food,best street food,breakfast_restaurant,"Shop No, 365, Chaura Rasta Rd, Bapu Bazar, Pink City, Jaipur, Rajasthan 302003",26.9183794,75.8213459,4.2,2427,PRICE_LEVEL_INEXPENSIVE,https://maps.google.com/?cid=6216057453778470451&g_mp=Cidnb29nbGUubWFwcy5wbGFjZXMudjEuUGxhY2VzLlNlYXJjaFRleHQQAhgEIAA,True,False
ChIJy6r5S_izbTkR04P2cMnWgsk,MB Sweets & Restaurant,Jaipur,food,best street food,north_indian_restaurant,"Station Rd, opp. Central, Shri Ram Colony, Sindhi Camp, Jaipur, Rajasthan 302016",26.922962,75.8015303,4.2,2908,PRICE_LEVEL_MODERATE,https://maps.google.com/?cid=14520404309267874771&g_mp=Cidnb29nbGUubWFwcy5wbGFjZXMudjEuUGxhY2VzLlNlYXJjaFRleHQQAhgEIAA,True,False
ChIJERgaKzK3bTkRohzluEqwVJA,Falahaar,Jaipur,food,best street food,restaurant,"Saraogi Mansion, Mirza Ismail Rd, Bapu Bazar, Biseswarji, Jaipur, Rajasthan 302001",26.9158962,75.82218560000001,4.1,928,PRICE_LEVEL_MODERATE,https://maps.google.com/?cid=10400131274481409186&g_mp=Cidnb29nbGUubWFwcy5wbGFjZXMudjEuUGxhY2VzLlNlYXJjaFRleHQQAhgEIAA,True,False
ChIJq5DB_361bTkRxcWOSB4L2PU,Jaipur Chaupati Mansarovar,Jaipur,food,best street food,north_indian_restaurant,"SFS Agarwal Farm, Mansarovar Sector 11, Mansarovar, Jaipur, Rajasthan 302020",26.8406335,75.774017,4.3,6260,PRICE_LEVEL_MODERATE,https://maps.google.com/?cid=17714921358956086725&g_mp=Cidnb29nbGUubWFwcy5wbGFjZXMudjEuUGxhY2VzLlNlYXJjaFRleHQQAhgEIAA,True,False
ChIJVydje1WzbTkRHTKz3PAIGE4,Talk of the Town,Jaipur,food,best street food,north_indian_restaurant,"4, Park Street, Mirza Ismail Rd, Sindhi Camp, Jaipur, Rajasthan 302001",26.920099,75.79533959999999,4.1,731,PRICE_LEVEL_MODERATE,https://maps.google.com/?cid=5627257564987339293&g_mp=Cidnb29nbGUubWFwcy5wbGFjZXMudjEuUGxhY2VzLlNlYXJjaFRleHQQAhgEIAA,True,False
ChIJ_xRHAnG1bTkRGyDU3B1FIhA,Chaat Ghar,Jaipur,food,best street food,fast_food_restaurant,"G-2, NAND PLAZA, Hawa Sadak Rd, beside Hilton Hotel, Hawa Sadak, Geejgarh Vihar Colony, Bais Godam, Jaipur, Rajasthan 302006",26.901200199999998,75.7834103,4.2,168,PRICE_LEVEL_MODERATE,https://maps.google.com/?cid=1162567648376266779&g_mp=Cidnb29nbGUubWFwcy5wbGFjZXMudjEuUGxhY2VzLlNlYXJjaFRleHQQAhgEIAA,True,False
ChIJF0W_aqO3bTkR9W9TCvcry6w,Dosa Town Jaipur ( Best South Indian Restaurant in Jaipur ),Jaipur,food,best street food,south_indian_restaurant,"101, Jawahar Lal Nehru Marg, opp. JK Loan Hospital, Dusadon Ka Bagh, Rambagh, Jaipur, Rajasthan 302004",26.902468,75.8168665,4.7,217,PRICE_LEVEL_MODERATE,https://maps.google.com/?cid=12451093934826024949&g_mp=Cidnb29nbGUubWFwcy5wbGFjZXMudjEuUGxhY2VzLlNlYXJjaFRleHQQAhgEIAA,True,False
ChIJlwChpwq3bTkRRVeE8_-PZu0,The Magnolia,Jaipur,food,best cafes,cafe,"Garden Theatre, Smriti Van, Jawahar Lal Nehru Marg, Jhalana Doongri, Jaipur, Rajasthan 302017",26.869470999999997,75.80948900000001,4.2,2579,PRICE_LEVEL_MODERATE,https://maps.google.com/?cid=17106518564078376773&g_mp=Cidnb29nbGUubWFwcy5wbGFjZXMudjEuUGxhY2VzLlNlYXJjaFRleHQQAhgEIAA,True,False
ChIJOXWjkRy0bTkRFwDFnyNJtkA,Stepout Cafe,Jaipur,food,best cafes,cafe,"P - 14, Sahdev Marg, C Scheme, Ashok Nagar, Jaipur, Rajasthan 302007",26.9059504,75.802251,4.2,3126,PRICE_LEVEL_MODERATE,https://maps.google.com/?cid=4662994881541898263&g_mp=Cidnb29nbGUubWFwcy5wbGFjZXMudjEuUGxhY2VzLlNlYXJjaFRleHQQAhgEIAA,True,False
ChIJd05wxci1bTkRYJRNTdK6Ikw,RANGOON COFFEE BREWERY JAIPUR - Best Cafes in Jaipur | Coffee Shops in Jaipur | Coffee House in Jaipur,Jaipur,food,best cafes,cafe,"Govt Hostel Chauraha, 5, Ajmer Rd, near Kalyan Jewellers, Gopalbari, Jaipur, Rajasthan 302001",26.9165508,75.7995765,4.7,546,PRICE_LEVEL_MODERATE,https://maps.google.com/?cid=5486152708493513824&g_mp=Cidnb29nbGUubWFwcy5wbGFjZXMudjEuUGxhY2VzLlNlYXJjaFRleHQQAhgEIAA,True,False
ChIJvSoxFSS0bTkRMaLYloCu2a0,Nibs Cafe & Chocolataria,Jaipur,food,best cafes,cafe,"36, Sanjay Marg, Hathroi, Jaipur, Rajasthan 302012",26.9155934,75.7949266,4.3,1755,PRICE_LEVEL_MODERATE,https://maps.google.com/?cid=12527235705817571889&g_mp=Cidnb29nbGUubWFwcy5wbGFjZXMudjEuUGxhY2VzLlNlYXJjaFRleHQQAhgEIAA,True,False
ChIJc0C4dTu1bTkRktrnT_mkkjo,Roastery Coffee House | C Scheme,Jaipur,food,best cafes,cafe,"J-8, Subhash Marg, near Kerala bhawan, C Scheme, Ashok Nagar, Jaipur, Rajasthan 302001",26.9055714,75.7962924,4.5,1704,PRICE_LEVEL_MODERATE,https://maps.google.com/?cid=4220617191493982866&g_mp=Cidnb29nbGUubWFwcy5wbGFjZXMudjEuUGxhY2VzLlNlYXJjaFRleHQQAhgEIAA,True,False
ChIJkyRP61W1bTkR62KHT0fX32M,Coffee Sutra C-Scheme,Jaipur,food,best cafes,cafe,"G-3, Ground Floor, UKMS, AURUM, Tilak Marg, near CBI office, C Scheme, Ashok Nagar, Jaipur, Rajasthan 302005",26.907598800000002,75.8014148,4.7,1425,PRICE_LEVEL_MODERATE,https://maps.google.com/?cid=7196707430838264555&g_mp=Cidnb29nbGUubWFwcy5wbGFjZXMudjEuUGxhY2VzLlNlYXJjaFRleHQQAhgEIAA,True,False
ChIJSbfsN3W1bTkR0y7UfnAYUu8,The house of coffee,Jaipur,food,best cafes,coffee_shop,"Ground Floor, F58, Sunder Marg, C Scheme, Ashok Nagar, Jaipur, Rajasthan 302001",26.907379700000003,75.7966579,4.6,205,PRICE_LEVEL_MODERATE,https://maps.google.com/?cid=17244872794598289107&g_mp=Cidnb29nbGUubWFwcy5wbGFjZXMudjEuUGxhY2VzLlNlYXJjaFRleHQQAhgEIAA,True,False
ChIJgcq_VW61bTkRs39sqQa2Jn4,Cafesa - Pure Veg. Multi Cuisine Cafe and Restaurant,Jaipur,food,best cafes,cafe,"12, Shiv Marg, Kirti Nagar, Shyam Nagar, Jaipur, Rajasthan 302019",26.896699599999998,75.7681433,4.7,1413,PRICE_LEVEL_MODERATE,https://maps.google.com/?cid=9090153037622443955&g_mp=Cidnb29nbGUubWFwcy5wbGFjZXMudjEuUGxhY2VzLlNlYXJjaFRleHQQAhgEIAA,True,False
ChIJf-DxiayzbTkRreAds45kw4I,Beans & Bun,Jaipur,food,best cafes,cafe,"D-249, Devi Marg, Bani Park, Jaipur, Rajasthan 302016",26.9273234,75.7890925,4.8,437,PRICE_LEVEL_MODERATE,https://maps.google.com/?cid=9422485409442422957&g_mp=Cidnb29nbGUubWFwcy5wbGFjZXMudjEuUGxhY2VzLlNlYXJjaFRleHQQAhgEIAA,True,False
ChIJ04xoC-C1bTkRkB9UlLiD5n8,Cafe LazyMojo,Jaipur,food,best cafes,cafe,"H1, H2, SL Marg, opp. Genpact Jaipur, Lal Bahadur Nagar, Malviya Nagar, Jaipur, Rajasthan 302018",26.8496617,75.8006406,4.3,7028,PRICE_LEVEL_MODERATE,https://maps.google.com/?cid=9216198516246060944&g_mp=Cidnb29nbGUubWFwcy5wbGFjZXMudjEuUGxhY2VzLlNlYXJjaFRleHQQAhgEIAA,True,False
ChIJhXebGBe0bTkRkE8j1hFdOAQ,Café Bae,Jaipur,food,best cafes,cafe,"A/1, 21, Sahkar Marg, Circle, near 22 Godown, C Scheme, Lalkothi, Jaipur, Rajasthan 302006",26.899733599999998,75.7928297,4.4,3708,PRICE_LEVEL_MODERATE,https://maps.google.com/?cid=304095306035974032&g_mp=Cidnb29nbGUubWFwcy5wbGFjZXMudjEuUGxhY2VzLlNlYXJjaFRleHQQAhgEIAA,True,False
ChIJ8bqe2wO0bTkRoMbkYcVc9c0,SKYZA Rooftop Lounge,Jaipur,food,best cafes,,"Mangalam, Ambition Tower, Agrasen Cir, C Scheme, Ashok Nagar, Jaipur, Rajasthan 302001",26.913230300000002,75.80279410000001,4.3,3386,PRICE_LEVEL_MODERATE,https://maps.google.com/?cid=14840870149890033312&g_mp=Cidnb29nbGUubWFwcy5wbGFjZXMudjEuUGxhY2VzLlNlYXJjaFRleHQQAhgEIAA,True,False
ChIJC0gi8PGzbTkRwH_1DYMnyPY,Haveli Cafe - Jaipur Candle Light Dinner,Jaipur,food,best cafes,cafe,"D, 219(B, Bhaskar Marg, Sindhi Colony, Bani Park, Jaipur, Rajasthan 302016",26.9318402,75.7884892,4.9,267,PRICE_LEVEL_MODERATE,https://maps.google.com/?cid=17782506572500795328&g_mp=Cidnb29nbGUubWFwcy5wbGFjZXMudjEuUGxhY2VzLlNlYXJjaFRleHQQAhgEIAA,True,False
ChIJ20RFUQS0bTkR88JSvNvMQ5g,Anokhi Café,Jaipur,food,best cafes,cafe,"2nd floor, KK Square, Prithviraj Rd, C Scheme, Ashok Nagar, Jaipur, Rajasthan 302005",26.910803400000002,75.798574,4.3,1638,PRICE_LEVEL_MODERATE,https://maps.google.com/?cid=10971838361334104819&g_mp=Cidnb29nbGUubWFwcy5wbGFjZXMudjEuUGxhY2VzLlNlYXJjaFRleHQQAhgEIAA,True,False
ChIJAXP_Q5C1bTkRmtR9Ltn8YdA,The 7,Jaipur,food,best cafes,restaurant,"4th floor, 7 park house, near ganpati plaza, Sindhi Camp, Jaipur, Rajasthan 302015",26.9195647,75.7978797,4.7,744,PRICE_LEVEL_MODERATE,https://maps.google.com/?cid=15015560642348045466&g_mp=Cidnb29nbGUubWFwcy5wbGFjZXMudjEuUGxhY2VzLlNlYXJjaFRleHQQAhgEIAA,True,False
ChIJO-MTKTy3bTkRSl7cYKa0gK0,Tapri Central,Jaipur,food,best cafes,tea_house,"Rooftop B4-E, पृथ्वीराज मार्ग, opposite Surana Jewelers, opposite Central Park Gate, सी स्कीम, अशोक नगर, जयपुर, राजस्थान 302001",26.905517900000003,75.8111115,4.5,13980,PRICE_LEVEL_MODERATE,https://maps.google.com/?cid=12502191192263122506&g_mp=Cidnb29nbGUubWFwcy5wbGFjZXMudjEuUGxhY2VzLlNlYXJjaFRleHQQAhgEIAA,True,False
ChIJ3cUXPSmzbTkRq57mtcvTEFY,Cafe & Cream,Jaipur,food,best cafes,cafe,"heritage boutique hotel, Sugan Niwas Palace, Vijay path, behind Sindhi Camp Bus Stand, near laxmi palace, Kanti Nagar, Sindhi Camp, Jaipur, Rajasthan 302006",26.925341,75.80084389999999,4.7,377,PRICE_LEVEL_MODERATE,https://maps.google.com/?cid=6201689558772784811&g_mp=Cidnb29nbGUubWFwcy5wbGFjZXMudjEuUGxhY2VzLlNlYXJjaFRleHQQAhgEIAA,True,False
ChIJh5Yconm1bTkRBvrSEERmsNo,Cafe Auberge,Jaipur,food,best cafes,cafe,"House no 2, Jacob Rd, Mysore House/Achrol House Colony, Madrampur, Civil Lines, Jaipur, Rajasthan 302006",26.9116535,75.7890668,4.6,397,PRICE_LEVEL_MODERATE,https://maps.google.com/?cid=15758207538695436806&g_mp=Cidnb29nbGUubWFwcy5wbGFjZXMudjEuUGxhY2VzLlNlYXJjaFRleHQQAhgEIAA,True,False
ChIJl6Td40qxbTkRBM1bx2PgCKQ,The Tattoo Cafe & Lounge,Jaipur,food,best cafes,restaurant,"3rd floor, 30, Opposite Hawa Mahal, Hawa Mahal Rd, Badi Chaupar, Jaipur, Rajasthan 302002",26.9238945,75.8273346,4.2,6198,PRICE_LEVEL_EXPENSIVE,https://maps.google.com/?cid=11819943941184933124&g_mp=Cidnb29nbGUubWFwcy5wbGFjZXMudjEuUGxhY2VzLlNlYXJjaFRleHQQAhgEIAA,True,False
ChIJw63_Fv5NbDkRgtPG-F6rVek,Curious Life Coffee Roasters: RED,Jaipur,food,best cafes,coffee_shop,"Ground Floor, C 54 A, Sarojini Marg, C Scheme, Ashok Nagar, Jaipur, Rajasthan 302001",26.909277399999997,75.8087409,4.5,4353,PRICE_LEVEL_MODERATE,https://maps.google.com/?cid=16813533208246670210&g_mp=Cidnb29nbGUubWFwcy5wbGFjZXMudjEuUGxhY2VzLlNlYXJjaFRleHQQAhgEIAA,True,False
ChIJ056e9TWzbTkRNZj2nQGdFeA,Aloha Candlelight Dinner Restaurant,Jaipur,food,best fine dining restaurants,restaurant,"Plot No 109, Bhaskar Marg, opp. Sukhsagar Aptartments, Sindhi Colony, Bani Park, Jaipur, Rajasthan 302016",26.9325443,75.7871996,4.8,846,PRICE_LEVEL_MODERATE,https://maps.google.com/?cid=16146984669277493301&g_mp=Cidnb29nbGUubWFwcy5wbGFjZXMudjEuUGxhY2VzLlNlYXJjaFRleHQQAhgEIAA,True,False
ChIJV2DHTCW1bTkRoY-Cvqlmc_8,Nouba Restaurant & Rooftop Lounge,Jaipur,food,best fine dining restaurants,restaurant,"Rooftop, 3rd and 4th floor, C54-A, Sarojini Marg, C Scheme, Ashok Nagar, Jaipur, Rajasthan 302001",26.9093669,75.8086476,4.5,729,PRICE_LEVEL_MODERATE,https://maps.google.com/?cid=18407168981225082785&g_mp=Cidnb29nbGUubWFwcy5wbGFjZXMudjEuUGxhY2VzLlNlYXJjaFRleHQQAhgEIAA,True,False
ChIJKeMI3J-1bTkR1c_tL94smDw,Rosado - Luxury Lounge & Kitchen,Jaipur,food,best fine dining restaurants,restaurant,"Floor No.10&11 , Mall Of Jaipur, B Block, Vaishali Nagar, Jaipur, Rajasthan 302021",26.906639199999997,75.73443429999999,4.8,9170,PRICE_LEVEL_MODERATE,https://maps.google.com/?cid=4366289171534172117&g_mp=Cidnb29nbGUubWFwcy5wbGFjZXMudjEuUGxhY2VzLlNlYXJjaFRleHQQAhgEIAA,True,False
ChIJW5IK7zmxbTkRqRPwuxFxtkE,Swapna Mahal ( The Raj Palace ),Jaipur,food,best fine dining restaurants,north_indian_restaurant,"The Raj Palace (A Unit of GKV HOTELS PVT. LTD.) Jorawer Singh Gate, Amer Rd, Chokdi Gangapol, Jaipur, Rajasthan 302001",26.9351484,75.8350517,4.7,216,PRICE_LEVEL_MODERATE,https://maps.google.com/?cid=4735096379208111017&g_mp=Cidnb29nbGUubWFwcy5wbGFjZXMudjEuUGxhY2VzLlNlYXJjaFRleHQQAhgEIAA,True,False
ChIJ4_gnYb-1bTkRP5e9ZxwKDao,The Glass Box (High Dining),Jaipur,food,best fine dining restaurants,restaurant,"T-Point, Vinayak Sarovar, A-101, 200ft. Road, near Patrakar Colony Road, Golyawas, Jaipur, Rajasthan 302020",26.8435629,75.74493749999999,4.6,408,PRICE_LEVEL_MODERATE,https://maps.google.com/?cid=12253461278260827967&g_mp=Cidnb29nbGUubWFwcy5wbGFjZXMudjEuUGxhY2VzLlNlYXJjaFRleHQQAhgEIAA,True,False
ChIJn1O9jJ-2bTkRNuPn5Bo4J1s,Steam,Jaipur,food,best fine dining restaurants,restaurant,"Bhawani Singh Rd, Rambagh, Jaipur, Rajasthan 302015",26.8966559,75.8080796,4.5,1453,PRICE_LEVEL_VERY_EXPENSIVE,https://maps.google.com/?cid=6568280269703865142&g_mp=Cidnb29nbGUubWFwcy5wbGFjZXMudjEuUGxhY2VzLlNlYXJjaFRleHQQAhgEIAA,True,False
ChIJm5d8BQCxbTkRij5I1TJxX1o,RajRasa,Jaipur,food,best fine dining restaurants,indian_restaurant,"S-20,21, Nagar Nigam Colony, Amer Rd, Santosh Sagar Colony, Krishna Nagar, Brahampuri, Jaipur, Rajasthan 302002",26.9415929,75.83762890000001,4.7,971,PRICE_LEVEL_MODERATE,https://maps.google.com/?cid=6512048049341611658&g_mp=Cidnb29nbGUubWFwcy5wbGFjZXMudjEuUGxhY2VzLlNlYXJjaFRleHQQAhgEIAA,True,False
ChIJl-BC2_G1bTkR61xp0SiFVM8,Sura - Cocktails & Cuisine,Jaipur,food,best fine dining restaurants,bar,"5th Floor, Hathroi Fort, Ajmer Rd, inside Hotel Kalyan, Hathroi, Jaipur, Rajasthan 302001",26.9162082,75.7958759,4.8,1787,PRICE_LEVEL_MODERATE,https://maps.google.com/?cid=14939712274253307115&g_mp=Cidnb29nbGUubWFwcy5wbGFjZXMudjEuUGxhY2VzLlNlYXJjaFRleHQQAhgEIAA,True,False
ChIJTTef8PG1bTkRUmXKlRHbxWI,The Library,Jaipur,food,best fine dining restaurants,south_indian_restaurant,"Clarks Amer, Hotel, Jawahar Lal Nehru Marg, Lal Bahadur Nagar, Chandrakala Colony, Durgapura, Jaipur, Rajasthan 302018",26.8464633,75.8010702,4.7,907,PRICE_LEVEL_MODERATE,https://maps.google.com/?cid=7117335654702933330&g_mp=Cidnb29nbGUubWFwcy5wbGFjZXMudjEuUGxhY2VzLlNlYXJjaFRleHQQAhgEIAA,True,False
ChIJWZ2aqaClbTkR14r3sgNujzo,The Bagichi Garden Cafe and Restaurant,Jaipur,food,best fine dining restaurants,fine_dining_restaurant,"Near Bhanpur Mode, Jaipur Delhi, 248, National Highway, near Amer, Gunawata, Dhand, Rajasthan 302038",27.080574199999997,75.94024619999999,4.6,947,PRICE_LEVEL_MODERATE,https://maps.google.com/?cid=4219712338035968727&g_mp=Cidnb29nbGUubWFwcy5wbGFjZXMudjEuUGxhY2VzLlNlYXJjaFRleHQQAhgEIAA,True,False
ChIJrVwNOsfR5zsRPHOcIKclCsc,Gateway Of India Mumbai,Mumbai,tourist_spot,best tourist attractions,historical_landmark,"Apollo Bandar, Colaba, Mumbai, Maharashtra",18.9219841,72.8346543,4.6,385092,PRICE_LEVEL_MODERATE,https://maps.google.com/?cid=14342317363051655996&g_mp=Cidnb29nbGUubWFwcy5wbGFjZXMudjEuUGxhY2VzLlNlYXJjaFRleHQQAhgEIAA,False,True
ChIJgZ_KU-_R5zsRYXNnsDYf9mc,Marine Drive,Mumbai,tourist_spot,best tourist attractions,tourist_attraction,"WRJC+3QJ, Nariman Point, Mumbai, Maharashtra 400021",18.9302074,72.8218856,4.7,71235,PRICE_LEVEL_MODERATE,https://maps.google.com/?cid=7491209349925663585&g_mp=Cidnb29nbGUubWFwcy5wbGFjZXMudjEuUGxhY2VzLlNlYXJjaFRleHQQAhgEIAA,False,True
ChIJJ7H46sPR5zsRU5I-VRAm50Q,Chhatrapati Shivaji Maharaj Vastu Sangrahalaya,Mumbai,tourist_spot,best tourist attractions,history_museum,"159-161, Mahatma Gandhi Road, Lion Gate, Fort, Mumbai, Maharashtra 400001",18.9269015,72.83269159999999,4.6,39525,PRICE_LEVEL_MODERATE,https://maps.google.com/?cid=4964978965790757459&g_mp=Cidnb29nbGUubWFwcy5wbGFjZXMudjEuUGxhY2VzLlNlYXJjaFRleHQQAhgEIAA,False,True
ChIJbdF34ea55zsRX7kiabN6Z_U,Kanheri Caves,Mumbai,tourist_spot,best tourist attractions,tourist_attraction,"Mumbai, Maharashtra 400066",19.207860399999998,72.9048071,4.5,8892,PRICE_LEVEL_MODERATE,https://maps.google.com/?cid=17683237372875159903&g_mp=Cidnb29nbGUubWFwcy5wbGFjZXMudjEuUGxhY2VzLlNlYXJjaFRleHQQAhgEIAA,False,True
ChIJLehvN9jR5zsRRKgzjtu_o2c,Fort George,Mumbai,tourist_spot,best tourist attractions,,"1, Frere Rd, Mumbai Port Trust, Mazgaon, Mumbai, Maharashtra 400001",18.9410562,72.8384492,4.0,112,PRICE_LEVEL_MODERATE,https://maps.google.com/?cid=7468023556814907460&g_mp=Cidnb29nbGUubWFwcy5wbGFjZXMudjEuUGxhY2VzLlNlYXJjaFRleHQQAhgEIAA,False,True
ChIJFQzEN8-15zsRXeJBEkLSHb0,Madh Island,Mumbai,tourist_spot,best tourist attractions,tourist_attraction,"4QXQ+9MV, Christian Wada, Madh, Mumbai, Maharashtra 400061",19.1484913,72.7891606,4.4,1229,PRICE_LEVEL_MODERATE,https://maps.google.com/?cid=13627279228708971101&g_mp=Cidnb29nbGUubWFwcy5wbGFjZXMudjEuUGxhY2VzLlNlYXJjaFRleHQQAhgEIAA,False,True
ChIJs4Iw3cLR5zsRA8zYO4MC2xU,Rajabai Clock Tower,Mumbai,tourist_spot,best tourist attractions,historical_place,"WRHJ+W24, Karmaveer Bhaurao Patil Marg, Mantralaya, Fort, Mumbai, Maharashtra 400032",18.9297669,72.83008300000002,4.6,1194,PRICE_LEVEL_MODERATE,https://maps.google.com/?cid=1574855257364155395&g_mp=Cidnb29nbGUubWFwcy5wbGFjZXMudjEuUGxhY2VzLlNlYXJjaFRleHQQAhgEIAA,False,True
ChIJO-qS_ATP5zsRfAJybniVUPE,Shivadi fort,Mumbai,tourist_spot,best tourist attractions,,"31, Sewri Ford Road, MPT, Sewri, MPT, Sewri, Mumbai, Maharashtra 400015",19.000667900000003,72.86012649999999,4.0,1616,PRICE_LEVEL_MODERATE,https://maps.google.com/?cid=17388562505759064700&g_mp=Cidnb29nbGUubWFwcy5wbGFjZXMudjEuUGxhY2VzLlNlYXJjaFRleHQQAhgEIAA,False,True
ChIJxbcN2TfR5zsRoW7zRREuq84,Marine Drive,Mumbai,tourist_spot,best tourist attractions,tourist_attraction,"Kilachand Chowk Flyover, Chowpatty, Marine Lines, Mumbai, Maharashtra 400021",18.9336052,72.8233997,4.6,316,PRICE_LEVEL_MODERATE,https://maps.google.com/?cid=14892047244553580193&g_mp=Cidnb29nbGUubWFwcy5wbGFjZXMudjEuUGxhY2VzLlNlYXJjaFRleHQQAhgEIAA,False,True
ChIJpfX-Z-Cw5zsRE2F4Bv5eATA,Mandapeshwar Caves,Mumbai,tourist_spot,best tourist attractions,tourist_attraction,"6VW3+2F6, Shivaji Nagar Colony, Marian Colony, Borivali West, Mumbai, Maharashtra 400103",19.245039600000002,72.85363149999999,4.2,2622,PRICE_LEVEL_MODERATE,https://maps.google.com/?cid=3459150433920508179&g_mp=Cidnb29nbGUubWFwcy5wbGFjZXMudjEuUGxhY2VzLlNlYXJjaFRleHQQAhgEIAA,False,True
ChIJn3Q-5QnO5zsRmouUzzMGp5Q,Hanging Gardens,Mumbai,tourist_spot,best tourist attractions,garden,"Ridge Rd, Simla Nagar, Malabar Hill, Mumbai, Maharashtra 400006",18.9565598,72.80498659999999,4.2,37827,PRICE_LEVEL_MODERATE,https://maps.google.com/?cid=10711537058319731610&g_mp=Cidnb29nbGUubWFwcy5wbGFjZXMudjEuUGxhY2VzLlNlYXJjaFRleHQQAhgEIAA,False,True
ChIJ40INk37O5zsRBY0Hq8dd4NU,Haji Ali Dargah,Mumbai,tourist_spot,best tourist attractions,place_of_worship,"Lala Lajpatrai Marg, above Kinara Masjid, Haji Ali, Mumbai, Maharashtra 400026",18.9827935,72.80900009999999,4.4,21125,PRICE_LEVEL_MODERATE,https://maps.google.com/?cid=15411421037011111173&g_mp=Cidnb29nbGUubWFwcy5wbGFjZXMudjEuUGxhY2VzLlNlYXJjaFRleHQQAhgEIAA,False,True
ChIJL5TDdCDI5zsR145Oq9FIrCA,Mahakali Caves,Mumbai,tourist_spot,best tourist attractions,,"Mahakali Caves Rd, opp. to Sai baba mandir, Sunder Nagar, Andheri East, Mumbai, Maharashtra 400093",19.1300798,72.8731738,4.1,6771,PRICE_LEVEL_MODERATE,https://maps.google.com/?cid=2354336770567343831&g_mp=Cidnb29nbGUubWFwcy5wbGFjZXMudjEuUGxhY2VzLlNlYXJjaFRleHQQAhgEIAA,False,True
ChIJnz0di8iw5zsRz-Ko2mndITY,Sanjay Gandhi National Park,Mumbai,tourist_spot,best tourist attractions,national_park,"Mumbai, Maharashtra",19.2204535,72.9128422,4.3,64378,PRICE_LEVEL_MODERATE,https://maps.google.com/?cid=3900642198989365967&g_mp=Cidnb29nbGUubWFwcy5wbGFjZXMudjEuUGxhY2VzLlNlYXJjaFRleHQQAhgEIAA,False,True
ChIJ64FWtRHR5zsRkhP4gHlC9K0,South Mumbai,Mumbai,tourist_spot,best tourist attractions,tourist_attraction,"WRMH+84J, Maharshi Karve Rd, Churchgate, Mumbai, Maharashtra 400020",18.9333299,72.8277731,4.7,74,PRICE_LEVEL_MODERATE,https://maps.google.com/?cid=12534716752501150610&g_mp=Cidnb29nbGUubWFwcy5wbGFjZXMudjEuUGxhY2VzLlNlYXJjaFRleHQQAhgEIAA,False,True
ChIJd5966M7I5zsRS6DZHR5GLmY,Sion Hillock Fort,Mumbai,tourist_spot,best tourist attractions,,"2VW8+4V9, East, Road No. 1, Sion East, Sion, Mumbai, Maharashtra 400022",19.0465923,72.8676819,4.2,4068,PRICE_LEVEL_MODERATE,https://maps.google.com/?cid=7362899535961104459&g_mp=Cidnb29nbGUubWFwcy5wbGFjZXMudjEuUGxhY2VzLlNlYXJjaFRleHQQAhgEIAA,False,True
ChIJodA07jbO5zsRgLdBjaaZMGI,Veermata Jijabai Bhosale Botanical Udyan and Zoo,Mumbai,tourist_spot,best tourist attractions,zoo,"Railway Station, 91A, Lalbaug Flyover, near Byculla, Byculla East, Byculla, Mumbai, Maharashtra 400027",18.978947299999998,72.8344661,4.0,43961,PRICE_LEVEL_MODERATE,https://maps.google.com/?cid=7075323955212564352&g_mp=Cidnb29nbGUubWFwcy5wbGFjZXMudjEuUGxhY2VzLlNlYXJjaFRleHQQAhgEIAA,False,True
ChIJDSDY3dzR5zsRioxQhTapi5E,Flora Fountain,Mumbai,tourist_spot,best tourist attractions,historical_landmark,"Veer Nariman Road, Mahatma Gandhi Road, Kala Ghoda, Fort, Mumbai, Maharashtra 400001",18.932480599999998,72.8315166,4.5,24392,PRICE_LEVEL_MODERATE,https://maps.google.com/?cid=10487662208892308618&g_mp=Cidnb29nbGUubWFwcy5wbGFjZXMudjEuUGxhY2VzLlNlYXJjaFRleHQQAhgEIAA,False,True
ChIJEWJJEenJ5zsRBQ3ATQnwing,Mumbai Bollywood Tours,Mumbai,tourist_spot,best tourist attractions,tourist_attraction,"near Metro station, Panchasheel Chawl, Kajupada, Saki Naka, Mumbai, Maharashtra 400072",19.0907062,72.88735559999999,5.0,3,PRICE_LEVEL_MODERATE,https://maps.google.com/?cid=8686018754087226629&g_mp=Cidnb29nbGUubWFwcy5wbGFjZXMudjEuUGxhY2VzLlNlYXJjaFRleHQQAhgEIAA,False,True
ChIJD1eUCdvR5zsROunAh4480Eg,Bomanjee Hormarjee Wadia Clock Tower,Mumbai,tourist_spot,best tourist attractions,historical_landmark,"WRMP+R8M, Perin Nariman St, Borabazar Precinct, Fort, Mumbai, Maharashtra 400001",18.934579499999998,72.83580860000001,4.5,101,PRICE_LEVEL_MODERATE,https://maps.google.com/?cid=5246760148747217210&g_mp=Cidnb29nbGUubWFwcy5wbGFjZXMudjEuUGxhY2VzLlNlYXJjaFRleHQQAhgEIAA,False,True
ChIJL2CjfTDF5zsRP_WuGhsYq_Q,Elephanta Caves,Mumbai,tourist_spot,popular places to visit,historical_place,"Gharapuri, Maharashtra 400021",18.9633474,72.9314864,4.3,40769,PRICE_LEVEL_MODERATE,https://maps.google.com/?cid=17630211670962795839&g_mp=Cidnb29nbGUubWFwcy5wbGFjZXMudjEuUGxhY2VzLlNlYXJjaFRleHQQAhgEIAA,False,True
ChIJ3zuquCfO5zsRG40hAwdLQyE,Chhatrapati Shivaji Maharaj Terminus,Mumbai,tourist_spot,popular places to visit,train_station,"Chhatrapati Shivaji Terminus Area, Fort, Mumbai, Maharashtra 400001",18.9398446,72.8354475,4.5,92996,PRICE_LEVEL_MODERATE,https://maps.google.com/?cid=2396841920180620571&g_mp=Cidnb29nbGUubWFwcy5wbGFjZXMudjEuUGxhY2VzLlNlYXJjaFRleHQQAhgEIAA,False,True
ChIJoel9wFix5zsREK_IyV3zujI,Water Kingdom by EsselWorld,Mumbai,tourist_spot,popular places to visit,water_park,"Global Pagoda Road, Essel world Amusement Park, Borivali West, Mumbai, Maharashtra 400091",19.2314895,72.8075257,4.2,21772,PRICE_LEVEL_MODERATE,https://maps.google.com/?cid=3655501631707459344&g_mp=Cidnb29nbGUubWFwcy5wbGFjZXMudjEuUGxhY2VzLlNlYXJjaFRleHQQAhgEIAA,False,True
ChIJn079zr_R5zsR3Ghy0UQ2dCM,Colaba Market,Mumbai,tourist_spot,popular places to visit,market,"Adenwala Rd, Apollo Bandar, Colaba, Mumbai, Maharashtra 400001",18.920717,72.830649,4.3,36082,PRICE_LEVEL_MODERATE,https://maps.google.com/?cid=2554726557825525980&g_mp=Cidnb29nbGUubWFwcy5wbGFjZXMudjEuUGxhY2VzLlNlYXJjaFRleHQQAhgEIAA,False,True
ChIJ____LGfO5zsRAeLIHE_6MyA,Dhobi Ghat,Mumbai,tourist_spot,popular places to visit,laundry,"1, Anandilal P Marg, Dhobi Ghat, Shanti Nagar, Lower Parel, Mumbai, Maharashtra 400011",18.982880299999998,72.8253175,4.2,3201,PRICE_LEVEL_MODERATE,https://maps.google.com/?cid=2320473450718224897&g_mp=Cidnb29nbGUubWFwcy5wbGFjZXMudjEuUGxhY2VzLlNlYXJjaFRleHQQAhgEIAA,False,True
ChIJv9IVlRTO5zsRNXRFPGBa-vM,ISKCON Chowpatty (Sri Sri Radha Gopinath Mandir),Mumbai,tourist_spot,popular places to visit,hindu_temple,"7, K. M. Munshi Marg, Girgaon, Babulnath, Chowpatty, Malabar Hill, Mumbai, Maharashtra 400007",18.9576799,72.80978549999999,4.8,8220,PRICE_LEVEL_MODERATE,https://maps.google.com/?cid=17580463464768697397&g_mp=Cidnb29nbGUubWFwcy5wbGFjZXMudjEuUGxhY2VzLlNlYXJjaFRleHQQAhgEIAA,False,True
ChIJGzJjx-zP5zsRsiUiWJoSU5g,Shri Mumba Devi Temple Mumbai,Mumbai,tourist_spot,popular places to visit,hindu_temple,"45/47, Dhanji St, Mumbadevi Area, Kalbadevi, Mumbai, Maharashtra 400002",18.951961999999998,72.8307607,4.7,12692,PRICE_LEVEL_MODERATE,https://maps.google.com/?cid=10976137170944927154&g_mp=Cidnb29nbGUubWFwcy5wbGFjZXMudjEuUGxhY2VzLlNlYXJjaFRleHQQAhgEIAA,False,True
ChIJwe1EZjDG5zsRaYxkjY_tpF0,Mumbai,Mumbai,tourist_spot,popular places to visit,,"Mumbai, Maharashtra",18.9582347,72.8319514,0.0,0,PRICE_LEVEL_MODERATE,https://maps.google.com/?cid=6747779342516128873&g_mp=Cidnb29nbGUubWFwcy5wbGFjZXMudjEuUGxhY2VzLlNlYXJjaFRleHQQAhgEIAA,False,True
ChIJr3COQlvO5zsRBS4MFGze73k,Dr. Bhau Daji Lad Museum,Mumbai,tourist_spot,popular places to visit,museum,"91 A, Rani Baug, Veer Mata Jijbai Bhonsle Udyan, 91 A, Dr Babasaheb Ambedkar Rd, Byculla East, Byculla, Mumbai, Maharashtra 400027",18.978988899999997,72.8348153,4.4,5872,PRICE_LEVEL_MODERATE,https://maps.google.com/?cid=8786485953797303813&g_mp=Cidnb29nbGUubWFwcy5wbGFjZXMudjEuUGxhY2VzLlNlYXJjaFRleHQQAhgEIAA,False,True
ChIJq8BfSdvR5zsRZn_7hsntjJc,Horniman Circle Garden,Mumbai,tourist_spot,popular places to visit,park,"11, Homji St, Kala Ghoda, Fort, Mumbai, Maharashtra 400001",18.93197,72.8350343,4.4,13364,PRICE_LEVEL_MODERATE,https://maps.google.com/?cid=10920364646275448678&g_mp=Cidnb29nbGUubWFwcy5wbGFjZXMudjEuUGxhY2VzLlNlYXJjaFRleHQQAhgEIAA,False,True
ChIJvaysoFTP5zsRrfA8pHD55vo,Kamala Nehru Park,Mumbai,tourist_spot,popular places to visit,park,"XR43+2X5, Dadi Sheth Wadi, Malabar Hill, Mumbai, Maharashtra 400006",18.9550248,72.8049726,4.3,6207,PRICE_LEVEL_MODERATE,https://maps.google.com/?cid=18079412016312545453&g_mp=Cidnb29nbGUubWFwcy5wbGFjZXMudjEuUGxhY2VzLlNlYXJjaFRleHQQAhgEIAA,False,True
ChIJ_RZzdAjD5zsR2UJfCR5-YmI,Belapur Fort,Mumbai,tourist_spot,popular places to visit,historical_landmark,"115, Uran Rd, Sector 32, Seawoods, Navi Mumbai, Maharashtra 400614",19.0048618,73.0283372,4.0,1751,PRICE_LEVEL_MODERATE,https://maps.google.com/?cid=7089367430905938649&g_mp=Cidnb29nbGUubWFwcy5wbGFjZXMudjEuUGxhY2VzLlNlYXJjaFRleHQQAhgEIAA,False,True
ChIJHZN5z9zR5zsRKj4XSGrlBVo,Kitab Khana,Mumbai,tourist_spot,popular places to visit,book_store,"45, Ground Floor, Flora Fountain Somaiya Bhavan, Mulla House, 47, Mahatma Gandhi Road, Kala Ghoda, Fort, Mumbai, Maharashtra 400001",18.9319103,72.8318537,4.6,5843,PRICE_LEVEL_MODERATE,https://maps.google.com/?cid=6486843082935844394&g_mp=Cidnb29nbGUubWFwcy5wbGFjZXMudjEuUGxhY2VzLlNlYXJjaFRleHQQAhgEIAA,False,True
ChIJcQEoO7DO5zsRILbfakTZbVI,Worli Fort,Mumbai,tourist_spot,historical places,,"Worli village, 2RF8+FPM, near worli, Worli Tip, fort, Mumbai, Maharashtra 400030",19.0237125,72.8168,4.2,4033,PRICE_LEVEL_MODERATE,https://maps.google.com/?cid=5939642371445601824&g_mp=Cidnb29nbGUubWFwcy5wbGFjZXMudjEuUGxhY2VzLlNlYXJjaFRleHQQAhgEIAA,False,True
ChIJCTBgusPR5zsR9jlWzqv4C3Y,Jehangir Art Gallery,Mumbai,tourist_spot,historical places,art_gallery,"161B, Mahatma Gandhi Road, Kala Ghoda, Fort, Mumbai, Maharashtra 400001",18.9273983,72.83168560000001,4.5,12464,PRICE_LEVEL_MODERATE,https://maps.google.com/?cid=8506165738004167158&g_mp=Cidnb29nbGUubWFwcy5wbGFjZXMudjEuUGxhY2VzLlNlYXJjaFRleHQQAhgEIAA,False,True
ChIJ229EGhTR5zsRjB3OGFb4ybo,"Nariman Point, Mumbai",Mumbai,tourist_spot,historical places,tourist_attraction,"Nariman Point, Mumbai, Maharashtra",18.9257027,72.8186357,4.7,29165,PRICE_LEVEL_MODERATE,https://maps.google.com/?cid=13459562010040475020&g_mp=Cidnb29nbGUubWFwcy5wbGFjZXMudjEuUGxhY2VzLlNlYXJjaFRleHQQAhgEIAA,False,True
ChIJ_1XKhNnR5zsR5zZ0O2DaGcU,Kabutar Khana CST,Mumbai,tourist_spot,historical places,historical_place,"65, Walchand Hirachand Rd, Borabazar Precinct, Fort, Mumbai, Maharashtra 400001",18.9381792,72.83693749999999,4.4,627,PRICE_LEVEL_MODERATE,https://maps.google.com/?cid=14202623006738757351&g_mp=Cidnb29nbGUubWFwcy5wbGFjZXMudjEuUGxhY2VzLlNlYXJjaFRleHQQAhgEIAA,False,True
ChIJdZ1gmkDJ5zsR-ntV50Ucp9A,"Basilica of Our Lady of the Mount (Bandra, Mumbai)",Mumbai,tourist_spot,historical places,church,"2RWC+PM4, Mount Mary Rd, near Shanti Avedna Sadan, Mount Mary, Bandra West, Mumbai, Maharashtra 400050",19.0465581,72.8224747,4.7,17007,PRICE_LEVEL_MODERATE,https://maps.google.com/?cid=15035016967559150586&g_mp=Cidnb29nbGUubWFwcy5wbGFjZXMudjEuUGxhY2VzLlNlYXJjaFRleHQQAhgEIAA,False,True
ChIJQ16nFHB_2TsRH2k5dsXXqHw,Ajanta Caves,Mumbai,tourist_spot,historical places,historical_place,Maharashtra 431117,20.551328599999998,75.7069356,4.6,27470,PRICE_LEVEL_MODERATE,https://maps.google.com/?cid=8982666699882457375&g_mp=Cidnb29nbGUubWFwcy5wbGFjZXMudjEuUGxhY2VzLlNlYXJjaFRleHQQAhgEIAA,False,True
ChIJcb4rXAvO5zsR6Z7SAzIRx_c,August Kranti Maidan,Mumbai,tourist_spot,historical places,playground,"Jer Mansion, 70 B, August Kranti Rd, Gowalia Tank, Tardeo, Mumbai, Maharashtra 400026",18.962798199999998,72.8103294,4.3,6699,PRICE_LEVEL_MODERATE,https://maps.google.com/?cid=17854258154243792617&g_mp=Cidnb29nbGUubWFwcy5wbGFjZXMudjEuUGxhY2VzLlNlYXJjaFRleHQQAhgEIAA,False,True
ChIJI1VscN7R5zsRO3y8QF7i6PY,Fashion Street,Mumbai,tourist_spot,shopping markets,flea_market,"New Marine Lines, Churchgate, Mumbai, Maharashtra 400020",18.9389419,72.83010689999999,4.0,43085,PRICE_LEVEL_MODERATE,https://maps.google.com/?cid=17791719222368042043&g_mp=Cidnb29nbGUubWFwcy5wbGFjZXMudjEuUGxhY2VzLlNlYXJjaFRleHQQAhgEIAA,False,True
ChIJ0QJWGMrJ5zsRfd6CXWJi-zg,Linking Road Market,Mumbai,tourist_spot,shopping markets,market,"33rd Rd, Khar, Khar West, Mumbai, Maharashtra 400052",19.0653716,72.834428,4.2,13106,PRICE_LEVEL_MODERATE,https://maps.google.com/?cid=4105983659893513853&g_mp=Cidnb29nbGUubWFwcy5wbGFjZXMudjEuUGxhY2VzLlNlYXJjaFRleHQQAhgEIAA,False,True
ChIJn4u374fI5zsRCkcZMZzJnZ8,Phoenix Marketcity,Mumbai,tourist_spot,shopping markets,shopping_mall,"Lal Bahadur Shastri Marg, Patelwadi.Kurla, Kurla West, Kurla, Mumbai, Maharashtra 400070",19.0863795,72.8889774,4.5,121606,PRICE_LEVEL_MODERATE,https://maps.google.com/?cid=11501570696049936138&g_mp=Cidnb29nbGUubWFwcy5wbGFjZXMudjEuUGxhY2VzLlNlYXJjaFRleHQQAhgEIAA,False,True
ChIJRcmQYUHP5zsRu8k34sDz00w,Crawford Market,Mumbai,tourist_spot,shopping markets,market,"474 Crawford Market, 1nd Lane, Lokmanya Tilak Rd, Dhobi Talao, Chhatrapati Shivaji Terminus Area, Fort, Mumbai, Maharashtra 400001",18.947559,72.8340638,4.3,2245,PRICE_LEVEL_MODERATE,https://maps.google.com/?cid=5536036376723048891&g_mp=Cidnb29nbGUubWFwcy5wbGFjZXMudjEuUGxhY2VzLlNlYXJjaFRleHQQAhgEIAA,False,True
ChIJ5y0jMJXJ5zsRjJdFV3Y_uOc,Andheri West Market,Mumbai,tourist_spot,shopping markets,food_store,"W Andheri Market Rd, Fish Market Area, Navneeth Colony, Andheri West, Mumbai, Maharashtra 400058",19.123372,72.8459683,4.2,3771,PRICE_LEVEL_MODERATE,https://maps.google.com/?cid=16697165395978983308&g_mp=Cidnb29nbGUubWFwcy5wbGFjZXMudjEuUGxhY2VzLlNlYXJjaFRleHQQAhgEIAA,False,True
ChIJWW0D19K35zsRswjd106KPiw,NATRAJ MARKET,Mumbai,tourist_spot,shopping markets,market,"Shop No 01, opp. Kasturba Talkies, near Natraj Market, Malad, Vijaykar Wadi Industrial, Vijaykar Wadi, Malad West, Mumbai, Maharashtra 400064",19.1877188,72.84716329999999,4.2,8695,PRICE_LEVEL_MODERATE,https://maps.google.com/?cid=3188137657458559155&g_mp=Cidnb29nbGUubWFwcy5wbGFjZXMudjEuUGxhY2VzLlNlYXJjaFRleHQQAhgEIAA,False,True
ChIJG8VDYIzO5zsRqlIdGnKIkkY,Phoenix Palladium,Mumbai,tourist_spot,shopping markets,shopping_mall,"462, Senapati Bapat Marg, Lower Parel, Mumbai, Maharashtra 400013",18.994459,72.825031,4.5,94941,PRICE_LEVEL_MODERATE,https://maps.google.com/?cid=5085276952900489898&g_mp=Cidnb29nbGUubWFwcy5wbGFjZXMudjEuUGxhY2VzLlNlYXJjaFRleHQQAhgEIAA,False,True
ChIJqWW0oS7P5zsRL7skrKihSBM,Gandhi Market,Mumbai,tourist_spot,shopping markets,market,"Dr Babasaheb Ambedkar Rd, Namdev Koli Marg, Sion, Mumbai, Maharashtra 400019",19.031515499999998,72.8587135,4.0,10823,PRICE_LEVEL_MODERATE,https://maps.google.com/?cid=1389538230858464047&g_mp=Cidnb29nbGUubWFwcy5wbGFjZXMudjEuUGxhY2VzLlNlYXJjaFRleHQQAhgEIAA,False,True
ChIJMWYcRqW35zsR0npmsY8HIIk,Lokhandwala Market,Mumbai,tourist_spot,shopping markets,market,"A Wing, PrineRose, next to Sangvi Hospital, Swami Samarth Nagar, Lokhandwala Complex, Andheri West, Mumbai, Maharashtra 400053",19.145628,72.8229763,4.3,370,PRICE_LEVEL_MODERATE,https://maps.google.com/?cid=9880905896188869330&g_mp=Cidnb29nbGUubWFwcy5wbGFjZXMudjEuUGxhY2VzLlNlYXJjaFRleHQQAhgEIAA,False,True
ChIJKeainOrP5zsRg-4mLxOQVAM,Nakhuda Shopping Market,Mumbai,tourist_spot,shopping markets,clothing_store,"Africa House, Nagdevi St, Nakhuda Mohalla, Mumbadevi Area, Bhuleshwar, Mumbai, Maharashtra 400003",18.953395699999998,72.833511,4.5,62,PRICE_LEVEL_MODERATE,https://maps.google.com/?cid=239975092227337859&g_mp=Cidnb29nbGUubWFwcy5wbGFjZXMudjEuUGxhY2VzLlNlYXJjaFRleHQQAhgEIAA,False,True
ChIJU3NUeGrP5zsRr0EVaICMAGc,Moolji Jaitha Market (MJ Market),Mumbai,tourist_spot,shopping markets,market,"1ST FLOOR, Landmark :, Old Hanuman Ln, near Ebrahim Currim Store, near Jumbo King Burger, Zaveri Bazaar, Kalbadevi, Mumbai, Maharashtra 400002",18.9492095,72.8306118,4.2,567,PRICE_LEVEL_MODERATE,https://maps.google.com/?cid=7422086669036503471&g_mp=Cidnb29nbGUubWFwcy5wbGFjZXMudjEuUGxhY2VzLlNlYXJjaFRleHQQAhgEIAA,False,True
ChIJB3ngRXHO5zsRf-Ji8YA6G2g,Heera Panna Shopping Centre,Mumbai,tourist_spot,shopping markets,shopping_mall,"Dargah, Opposite, Bhulabhai Desai Marg, Haji Ali, Breach Candy, Tardeo, Mumbai, Maharashtra 400026",18.9776648,72.8105094,4.0,10545,PRICE_LEVEL_MODERATE,https://maps.google.com/?cid=7501653929795707519&g_mp=Cidnb29nbGUubWFwcy5wbGFjZXMudjEuUGxhY2VzLlNlYXJjaFRleHQQAhgEIAA,False,True
ChIJify3BTzI5zsRLg6a9kK1TzI,Infiniti Mall,Mumbai,tourist_spot,shopping markets,shopping_mall,"New Link Rd, Phase D, Oshiwara, Andheri West, Mumbai, Maharashtra 400053",19.141289999999998,72.8311659,4.2,49837,PRICE_LEVEL_MODERATE,https://maps.google.com/?cid=3625315524266298926&g_mp=Cidnb29nbGUubWFwcy5wbGFjZXMudjEuUGxhY2VzLlNlYXJjaFRleHQQAhgEIAA,False,True
ChIJ0fRJTyPO5zsR6YEsBKyMLlE,Street market,Mumbai,tourist_spot,shopping markets,clothing_store,"XR3M+G35, Narayan Dhuru St, Nakhuda Mohalla, Mumbadevi Area, Bhuleshwar, Mumbai, Maharashtra 400003",18.9537642,72.83273609999999,4.0,129,PRICE_LEVEL_MODERATE,https://maps.google.com/?cid=5849767636433142249&g_mp=Cidnb29nbGUubWFwcy5wbGFjZXMudjEuUGxhY2VzLlNlYXJjaFRleHQQAhgEIAA,False,True
ChIJZ6fUhLjP5zsRHNZ5poAWy88,MUMBAI MARKET,Mumbai,tourist_spot,shopping markets,market,"WRWH+FJV, Kalbadevi Rd, Tak Wadi, Lohar Chawl, Kalbadevi, Mumbai, Maharashtra 400002",18.946234999999998,72.82905439999999,4.1,220,PRICE_LEVEL_MODERATE,https://maps.google.com/?cid=14973086127927973404&g_mp=Cidnb29nbGUubWFwcy5wbGFjZXMudjEuUGxhY2VzLlNlYXJjaFRleHQQAhgEIAA,False,True
ChIJJf1rhybO5zsRpArb-NaAh5o,Whole Cloth Market in Mumbai,Mumbai,tourist_spot,shopping markets,clothing_store,"Muhammad Haji Saboo Siddique Musafirkhana, 25, Sindoor Brg, Mandvi Koliwada, Chhatrapati Shivaji Terminus Area, Fort, Mumbai, Maharashtra 400001",18.948548700000003,72.8367078,4.3,303,PRICE_LEVEL_MODERATE,https://maps.google.com/?cid=11135010264483302052&g_mp=Cidnb29nbGUubWFwcy5wbGFjZXMudjEuUGxhY2VzLlNlYXJjaFRleHQQAhgEIAA,False,True
ChIJS76jBAsRrjsRQ5Yuqy0l-88,Phoenix Marketcity,Mumbai,tourist_spot,shopping markets,shopping_mall,"ITPL Main Rd, Devasandra Industrial Estate, Mahadevapura, Bengaluru, Karnataka 560048",12.996954299999999,77.6965542,4.5,189101,PRICE_LEVEL_MODERATE,https://maps.google.com/?cid=14986613063081170499&g_mp=Cidnb29nbGUubWFwcy5wbGFjZXMudjEuUGxhY2VzLlNlYXJjaFRleHQQAhgEIAA,False,True
ChIJr6Jh-R7P5zsRZWFXrjNFc-4,Chor Bazaar,Mumbai,tourist_spot,shopping markets,flea_market,"206, Mutton St, Ajmer, Kumbharwada, Mumbai, Maharashtra 400003",18.9590354,72.8299277,4.1,752,PRICE_LEVEL_MODERATE,https://maps.google.com/?cid=17182153091619184997&g_mp=Cidnb29nbGUubWFwcy5wbGFjZXMudjEuUGxhY2VzLlNlYXJjaFRleHQQAhgEIAA,False,True
ChIJS46gkcvH5zsRw4QTGGGMQBA,R CITY,Mumbai,tourist_spot,shopping markets,shopping_mall,"Lal Bahadur Shastri Marg, Amrut Nagar, Ghatkopar West, Mumbai, Maharashtra 400086",19.0997277,72.9166199,4.5,125969,PRICE_LEVEL_MODERATE,https://maps.google.com/?cid=1171090251759977667&g_mp=Cidnb29nbGUubWFwcy5wbGFjZXMudjEuUGxhY2VzLlNlYXJjaFRleHQQAhgEIAA,False,True
ChIJ7ZgINYzO5zsRqQBKogByTGY,The Bombay Canteen,Mumbai,food,best local food restaurants,indian_restaurant,"Unit-1, Process House, S.B. Road, Kamala Mills, Near Radio Mirchi Office Lower, Parel, Mumbai, Maharashtra 400013",19.003245,72.827576,4.5,10854,PRICE_LEVEL_EXPENSIVE,https://maps.google.com/?cid=7371392037146984617&g_mp=Cidnb29nbGUubWFwcy5wbGFjZXMudjEuUGxhY2VzLlNlYXJjaFRleHQQAhgEIAA,True,False
ChIJv5GyWavR5zsRTFOxsMKPhpk,Native Bombay,Mumbai,food,best local food restaurants,north_indian_restaurant,"10/12, Cochin St, Ballard Estate, Fort, Mumbai, Maharashtra 400001",18.934815999999998,72.83824710000002,4.5,614,PRICE_LEVEL_MODERATE,https://maps.google.com/?cid=11062687601033040716&g_mp=Cidnb29nbGUubWFwcy5wbGFjZXMudjEuUGxhY2VzLlNlYXJjaFRleHQQAhgEIAA,True,False
ChIJlc-X0JzP5zsRb2x9ShSiYcM,Seven Kitchens,Mumbai,food,best local food restaurants,buffet_restaurant,"Level 9M, The St. Regis, 462, Senapati Bapat Marg, Lower Parel, Mumbai, Maharashtra 400013",18.994066699999998,72.824626,4.5,1467,PRICE_LEVEL_VERY_EXPENSIVE,https://maps.google.com/?cid=14078712118169660527&g_mp=Cidnb29nbGUubWFwcy5wbGFjZXMudjEuUGxhY2VzLlNlYXJjaFRleHQQAhgEIAA,True,False
ChIJnTFg-ijP5zsRNe1t9nYeEPg,Cafe Madras®️,Mumbai,food,best local food restaurants,south_indian_restaurant,"GROUND FLOOR, KAMAKSHI BUILDING, 391/B, Bhaudaji Rd, Matunga East, Mumbai, Maharashtra 400019",19.0276203,72.8550415,4.4,25660,PRICE_LEVEL_INEXPENSIVE,https://maps.google.com/?cid=17874820417322872117&g_mp=Cidnb29nbGUubWFwcy5wbGFjZXMudjEuUGxhY2VzLlNlYXJjaFRleHQQAhgEIAA,True,False
ChIJU3mdPpXJ5zsRzGEmdI3eESg,Saffron,Mumbai,food,best local food restaurants,north_indian_restaurant,"6th Floor, Pooja, Jw Marriott Mumbai Juhu, Jw Marriott, Juhu Tara Rd, Juhu Tara, Juhu, Mumbai, Maharashtra 400049",19.1021443,72.82593299999999,4.8,856,PRICE_LEVEL_VERY_EXPENSIVE,https://maps.google.com/?cid=2887333535241626060&g_mp=Cidnb29nbGUubWFwcy5wbGFjZXMudjEuUGxhY2VzLlNlYXJjaFRleHQQAhgEIAA,True,False
ChIJDfcfE7HP5zsRJ-LY3V2QqPM,Flavor Cottage - Multi Cuisine Restaurant,Mumbai,food,best local food restaurants,north_indian_restaurant,"Shop No. B 04, Ground Floor SBUT Commercial Transit, Khara Tank Rd, Ajmer, Bhendi Bazaar, Kumbharwada, Mumbai, Maharashtra 400003",18.959807299999998,72.8307809,4.6,532,PRICE_LEVEL_MODERATE,https://maps.google.com/?cid=17557441880132215335&g_mp=Cidnb29nbGUubWFwcy5wbGFjZXMudjEuUGxhY2VzLlNlYXJjaFRleHQQAhgEIAA,True,False
ChIJY6aU-TrJ5zsREHwCKiV8NSU,BANDRA BORN,Mumbai,food,best local food restaurants,restaurant,"Rose Minar, 87, Chapel Rd, Annexe, Reclamation, Bandra West, Mumbai, Maharashtra 400050",19.0504724,72.82699889999999,4.3,527,PRICE_LEVEL_MODERATE,https://maps.google.com/?cid=2681185652229438480&g_mp=Cidnb29nbGUubWFwcy5wbGFjZXMudjEuUGxhY2VzLlNlYXJjaFRleHQQAhgEIAA,True,False
ChIJdahVo3jP5zsRdERw8zLUJs8,Ram Ashraya,Mumbai,food,best local food restaurants,south_indian_restaurant,"Shop 3-6 ground floor, Jamnadas Mansion, bazar, Laxmi Narayan Ln, Matunga (C.R.), Matunga East, Mumbai, Maharashtra 400019",19.0279267,72.851789,4.4,34093,PRICE_LEVEL_INEXPENSIVE,https://maps.google.com/?cid=14926851330263762036&g_mp=Cidnb29nbGUubWFwcy5wbGFjZXMudjEuUGxhY2VzLlNlYXJjaFRleHQQAhgEIAA,True,False
ChIJXwPrQmrP5zsRTPmzNl07yNo,Tanatan Shivaji Park,Mumbai,food,best local food restaurants,north_indian_restaurant,"121, Ground Floor, Vidya Bhavan, opposite Sena Bhavan Dadar, Dadar West, Shivaji Park, Mumbai, Maharashtra 400028",19.0250199,72.8402141,4.3,4338,PRICE_LEVEL_EXPENSIVE,https://maps.google.com/?cid=15764915767146182988&g_mp=Cidnb29nbGUubWFwcy5wbGFjZXMudjEuUGxhY2VzLlNlYXJjaFRleHQQAhgEIAA,True,False
ChIJKQZB3mzO5zsRPQXFAff0kh8,"Kyani & Co. | Legendary Irani Restaurant, Bakers",Mumbai,food,best local food restaurants,persian_restaurant,"Jer Mahal Building, 657, Jagannath Shankar Seth Rd, opp. Metro Inox Theatre, Marine Lines East, Dhobi Talao, Estate, Marine Lines, Mumbai, Maharashtra 400002",18.9440726,72.8287473,4.1,13688,PRICE_LEVEL_INEXPENSIVE,https://maps.google.com/?cid=2275150103499310397&g_mp=Cidnb29nbGUubWFwcy5wbGFjZXMudjEuUGxhY2VzLlNlYXJjaFRleHQQAhgEIAA,True,False
ChIJlfWdLh2x5zsRuBcqMTkC-38,The Fusion Kitchen,Mumbai,food,best local food restaurants,restaurant,"Shop no 1, Holy Cross Rd, opp. Veda Apartment, I C Colony, Kandarpada, Borivali West, Mumbai, Maharashtra 400103",19.2546402,72.8490824,4.4,6198,PRICE_LEVEL_MODERATE,https://maps.google.com/?cid=9221967106632456120&g_mp=Cidnb29nbGUubWFwcy5wbGFjZXMudjEuUGxhY2VzLlNlYXJjaFRleHQQAhgEIAA,True,False
ChIJL1Hh4EbI5zsRqpWnAny2Ud0,Peshwa Pavilion,Mumbai,food,best local food restaurants,buffet_restaurant,"Itc Maratha, International Airport, Chhatrapati Shivaji Maharaj Int'l Airport Rd, Ashok Nagar, Andheri East, Mumbai, Maharashtra 400099",19.103940599999998,72.8696246,4.6,2820,PRICE_LEVEL_EXPENSIVE,https://maps.google.com/?cid=15947728399232374186&g_mp=Cidnb29nbGUubWFwcy5wbGFjZXMudjEuUGxhY2VzLlNlYXJjaFRleHQQAhgEIAA,True,False
ChIJjbFIPOzI5zsRgt1ljEIMk-4,JYRAN - TANDOOR DINING & LOUNGE,Mumbai,food,best local food restaurants,restaurant,"C 57, G Block BKC, Bandra Kurla Complex, Bandra East, Mumbai, Maharashtra 400051",19.0676551,72.8689674,4.7,2050,PRICE_LEVEL_VERY_EXPENSIVE,https://maps.google.com/?cid=17191097682566176130&g_mp=Cidnb29nbGUubWFwcy5wbGFjZXMudjEuUGxhY2VzLlNlYXJjaFRleHQQAhgEIAA,True,False
ChIJOVikeYzO5zsRu4uErKD2E4o,Sahib Room & Kipling Bar,Mumbai,food,best local food restaurants,indian_restaurant,"Level 9M, The St. Regis Mumbai, Lower Parel, Mumbai, Maharashtra 400013",18.994515900000003,72.82429859999999,4.8,2418,PRICE_LEVEL_VERY_EXPENSIVE,https://maps.google.com/?cid=9949567171741125563&g_mp=Cidnb29nbGUubWFwcy5wbGFjZXMudjEuUGxhY2VzLlNlYXJjaFRleHQQAhgEIAA,True,False
ChIJX3sl28DR5zsRElHA7exDGQ8,Shamiana,Mumbai,food,best local food restaurants,north_indian_restaurant,"The Taj Mahal Palace Hotel, B K Boman Behram Marg, Apollo Bandar, Colaba, Mumbai, Maharashtra 400001",18.9220588,72.8330392,4.4,2187,PRICE_LEVEL_VERY_EXPENSIVE,https://maps.google.com/?cid=1087975469866832146&g_mp=Cidnb29nbGUubWFwcy5wbGFjZXMudjEuUGxhY2VzLlNlYXJjaFRleHQQAhgEIAA,True,False
ChIJc66BFLTP5zsRE6NniRLzbxU,Maaslli Saraswat and GSB Speciality,Mumbai,food,best local food restaurants,seafood_restaurant,"31a, Ambalal Chawl, Dr Annie Besant Rd, Worli Naka, Bhim Nagar, Worli, Mumbai, Maharashtra 400018",18.9965351,72.8164843,4.3,1655,PRICE_LEVEL_MODERATE,https://maps.google.com/?cid=1544720458151600915&g_mp=Cidnb29nbGUubWFwcy5wbGFjZXMudjEuUGxhY2VzLlNlYXJjaFRleHQQAhgEIAA,True,False
ChIJ46NQnNzR5zsRB7y2UNoUzTI,Pratap Lunch Home,Mumbai,food,best local food restaurants,seafood_restaurant,"79, Janmabhoomi Marg, opposite Siddharth College, Kala Ghoda, Fort, Mumbai, Maharashtra 400001",18.9335359,72.8328812,4.4,4474,PRICE_LEVEL_MODERATE,https://maps.google.com/?cid=3660605000011660295&g_mp=Cidnb29nbGUubWFwcy5wbGFjZXMudjEuUGxhY2VzLlNlYXJjaFRleHQQAhgEIAA,True,False
ChIJNZxnZ9rR5zsRyAkdENmWQMQ,The Clearing House,Mumbai,food,best local food restaurants,european_restaurant,"13-15, Calicut Rd, Ballard Estate, Fort, Mumbai, Maharashtra 400001",18.9352466,72.8382876,4.4,1408,PRICE_LEVEL_EXPENSIVE,https://maps.google.com/?cid=14141468688965765576&g_mp=Cidnb29nbGUubWFwcy5wbGFjZXMudjEuUGxhY2VzLlNlYXJjaFRleHQQAhgEIAA,True,False
ChIJOx_9xbXJ5zsRexn8D8k8ORg,Carnival By Tresind,Mumbai,food,best local food restaurants,restaurant,"7th floor, Krishna Curve Building, Juhu Tara Rd, opp. Juhu Garden, Hasmukh Nagar, Santacruz (West), Mumbai, Maharashtra 400054",19.0847569,72.83473889999999,4.5,324,PRICE_LEVEL_MODERATE,https://maps.google.com/?cid=1745493164837050747&g_mp=Cidnb29nbGUubWFwcy5wbGFjZXMudjEuUGxhY2VzLlNlYXJjaFRleHQQAhgEIAA,True,False
ChIJcRNJbQDJ5zsR-PELd2UhLVg,Avatara Mumbai,Mumbai,food,best local food restaurants,vegetarian_restaurant,"7th floor, Krishna Curve Building, Juhu Tara Rd, opp. Juhu Garden, Hasmukh Nagar, Santacruz (West), Mumbai, Maharashtra 400054",19.0848346,72.83471999999999,4.6,575,PRICE_LEVEL_MODERATE,https://maps.google.com/?cid=6353771368962322936&g_mp=Cidnb29nbGUubWFwcy5wbGFjZXMudjEuUGxhY2VzLlNlYXJjaFRleHQQAhgEIAA,True,False
ChIJOW5d0SLR5zsRdOb864OWRxg,Street Food stalls,Mumbai,food,best street food,food_court,"Watson's Hotel, 144/1, Mahatma Gandhi Road, Kala Ghoda, Fort, Mumbai, Maharashtra 400001",18.9284122,72.831578,4.6,42,PRICE_LEVEL_MODERATE,https://maps.google.com/?cid=1749532473600829044&g_mp=Cidnb29nbGUubWFwcy5wbGFjZXMudjEuUGxhY2VzLlNlYXJjaFRleHQQAhgEIAA,True,False
ChIJiX_ZAZfP5zsRuJxP0HW1tZo,Mohammad Ali Road Ramdan Food Stalls,Mumbai,food,best street food,food_court,"XR3M+W7G, 39, IbrahimMerchant Rd, near Shree S V Enterprises, Mumbadevi Area, Mandvi, Mumbai, Maharashtra 400003",18.9549091,72.8331089,4.3,644,PRICE_LEVEL_MODERATE,https://maps.google.com/?cid=11148015970236210360&g_mp=Cidnb29nbGUubWFwcy5wbGFjZXMudjEuUGxhY2VzLlNlYXJjaFRleHQQAhgEIAA,True,False
ChIJjZH8APvP5zsR_P4kmE-jed8,Zaveri Bazaar Khau galli,Mumbai,food,best street food,food_court,"XR2J+9MR, L K Market, Zaveri Bazaar, Kalbadevi, Mumbai, Maharashtra 400003",18.950992499999998,72.8316505,4.3,1201,PRICE_LEVEL_MODERATE,https://maps.google.com/?cid=16103081504890224380&g_mp=Cidnb29nbGUubWFwcy5wbGFjZXMudjEuUGxhY2VzLlNlYXJjaFRleHQQAhgEIAA,True,False
ChIJK7D_sczR5zsRph3XOWbNdfA,Food near Fashion Street Mumbai Azad maidan,Mumbai,food,best street food,food,"WRQJ+F44, Azad Maidan, Fort, Mumbai, Maharashtra 400001",18.938635899999998,72.830337,4.5,4,PRICE_LEVEL_MODERATE,https://maps.google.com/?cid=17326980980318608806&g_mp=Cidnb29nbGUubWFwcy5wbGFjZXMudjEuUGxhY2VzLlNlYXJjaFRleHQQAhgEIAA,True,False
ChIJp7S2irjJ5zsRa_Cvqax8Lkk,Anand Stall,Mumbai,food,best street food,fast_food_restaurant,"VM Road, Opposite to Options Mall, JVPD Scheme, Juhu, JVPD Scheme, Vile Parle West, Mumbai, Maharashtra 400049",19.103954899999998,72.8316481,4.2,9175,PRICE_LEVEL_MODERATE,https://maps.google.com/?cid=5273289294720528491&g_mp=Cidnb29nbGUubWFwcy5wbGFjZXMudjEuUGxhY2VzLlNlYXJjaFRleHQQAhgEIAA,True,False
ChIJ0Wg9FOjR5zsRGkTJnja8CyA,Raju Sandwich Stall,Mumbai,food,best street food,sandwich_shop,"behind samrat hotel, next to the J, Churchgate, Mumbai, Maharashtra 400020",18.930180099999998,72.8266076,4.2,1796,PRICE_LEVEL_INEXPENSIVE,https://maps.google.com/?cid=2309146176735757338&g_mp=Cidnb29nbGUubWFwcy5wbGFjZXMudjEuUGxhY2VzLlNlYXJjaFRleHQQAhgEIAA,True,False
ChIJsYFP93jR5zsRcKWa8kY7-Ig,Khau galli Street Food,Mumbai,food,best street food,fast_food_restaurant,"WRMP+J5X, Unnamed Road, Borabazar Precinct, Fort, Mumbai, Maharashtra 400001",18.9341176,72.8354901,4.2,304,PRICE_LEVEL_MODERATE,https://maps.google.com/?cid=9869703759286412656&g_mp=Cidnb29nbGUubWFwcy5wbGFjZXMudjEuUGxhY2VzLlNlYXJjaFRleHQQAhgEIAA,True,False
ChIJ5ebcV8bO5zsRdGIdm6KiUSo,Ashok Vada Pav,Mumbai,food,best street food,fast_food_restaurant,"Kashinath Dhuru Marg, Dadar West, Dadar, Mumbai, Maharashtra 400028",19.0205108,72.8314394,4.2,18281,PRICE_LEVEL_MODERATE,https://maps.google.com/?cid=3049397241977332340&g_mp=Cidnb29nbGUubWFwcy5wbGFjZXMudjEuUGxhY2VzLlNlYXJjaFRleHQQAhgEIAA,True,False
ChIJv1jz-3LO5zsRpFXz9jp-Qm0,Swati Snacks,Mumbai,food,best street food,north_indian_restaurant,"Karai Estate, 248, Tardeo Rd, opp. Bhatia Hospital, Anand Nagar, Tardeo, Mumbai, Maharashtra 400026",18.9665943,72.813374,4.3,5956,PRICE_LEVEL_EXPENSIVE,https://maps.google.com/?cid=7872993890313393572&g_mp=Cidnb29nbGUubWFwcy5wbGFjZXMudjEuUGxhY2VzLlNlYXJjaFRleHQQAhgEIAA,True,False
ChIJ_____9rR5zsREZgQGZeCdlg,Gulshan - E- Iran.,Mumbai,food,best street food,north_indian_restaurant,"M.R.A. Marg Corner of, Crawford Market, Musafir Khana Rd, Near Crawford Market, Chhatrapati Shivaji Terminus Area, Fort, Mumbai, Maharashtra 400001",18.9479187,72.8356145,4.1,23026,PRICE_LEVEL_MODERATE,https://maps.google.com/?cid=6374425908061706257&g_mp=Cidnb29nbGUubWFwcy5wbGFjZXMudjEuUGxhY2VzLlNlYXJjaFRleHQQAhgEIAA,True,False
ChIJ3wlnmBTP5zsReC_mmKISoAw,Asian Street Food,Mumbai,food,best street food,restaurant,"Shop No. 34, 1/1, Dr Annie Besant Rd, opp. Indian Petrol Pump & Atria Mall, Markandeshwar Nagar, Shiv Sagar Estate, Worli, Mumbai, Maharashtra 400018",18.992717700000004,72.8140798,4.5,15,PRICE_LEVEL_MODERATE,https://maps.google.com/?cid=909747614288064376&g_mp=Cidnb29nbGUubWFwcy5wbGFjZXMudjEuUGxhY2VzLlNlYXJjaFRleHQQAhgEIAA,True,False
ChIJ4SJfxNvR5zsRP8iG8rtu0O8,Pancham Puriwala,Mumbai,food,best street food,north_indian_restaurant,"10, Perin Nariman St, Borabazar Precinct, Fort, Mumbai, Maharashtra 400001",18.938166499999998,72.83568369999999,4.1,20398,PRICE_LEVEL_MODERATE,https://maps.google.com/?cid=17280433523727452223&g_mp=Cidnb29nbGUubWFwcy5wbGFjZXMudjEuUGxhY2VzLlNlYXJjaFRleHQQAhgEIAA,True,False
ChIJzzZK5B_O5zsRePfIPDS239Y,Om Sandwich & Panipuri,Mumbai,food,best street food,sandwich_shop,"Chhapkhanawala House, 47, Wellington St, Dhobi Talao, Sonapur, Marine Lines, Mumbai, Maharashtra 400002",18.9430802,72.8268477,4.3,169,PRICE_LEVEL_MODERATE,https://maps.google.com/?cid=15483294379397412728&g_mp=Cidnb29nbGUubWFwcy5wbGFjZXMudjEuUGxhY2VzLlNlYXJjaFRleHQQAhgEIAA,True,False
ChIJXQmcmf3P5zsRGUVN30pTk1w,Jay malhar all is well Chinese bhelfast food pure veg,Mumbai,food,best street food,fast_food_restaurant,"1, Nanubhai Desai Rd, 1st Carpenter St, Charni Road East, Cawasji Patel Tank, lane, Mumbai, Maharashtra 400004",18.955665,72.82660899999999,4.5,190,PRICE_LEVEL_MODERATE,https://maps.google.com/?cid=6670767054104904985&g_mp=Cidnb29nbGUubWFwcy5wbGFjZXMudjEuUGxhY2VzLlNlYXJjaFRleHQQAhgEIAA,True,False
ChIJL0EwAI_O5zsRKTWGclEoGgA,Street Food Of Mumbai,Mumbai,food,best street food,restaurant,"XRW9+CH9, Worli Naka, Upper Worli, Worli, Mumbai, Maharashtra 400018",18.9960269,72.8189992,4.0,31,PRICE_LEVEL_MODERATE,https://maps.google.com/?cid=7362679673337129&g_mp=Cidnb29nbGUubWFwcy5wbGFjZXMudjEuUGxhY2VzLlNlYXJjaFRleHQQAhgEIAA,True,False
ChIJMxc_adzP5zsR-GBi2ttn_1A,BOMBAY STREET,Mumbai,food,best street food,restaurant,"Naushir Bharucha Marg, Grant Road West, Grant Road (W), Tardeo, Mumbai, Maharashtra 400007",18.96426,72.81589910000001,4.5,19,PRICE_LEVEL_MODERATE,https://maps.google.com/?cid=5836497836054831352&g_mp=Cidnb29nbGUubWFwcy5wbGFjZXMudjEuUGxhY2VzLlNlYXJjaFRleHQQAhgEIAA,True,False
ChIJQfZBShHJ5zsR4HwUTfyarBw,Jai Jawan,Mumbai,food,best street food,north_indian_restaurant,"Linking Rd, opp. National College, Khar, Bandra West, Mumbai, Maharashtra 400050",19.0642569,72.83467999999999,4.4,2043,PRICE_LEVEL_MODERATE,https://maps.google.com/?cid=2066196737471839456&g_mp=Cidnb29nbGUubWFwcy5wbGFjZXMudjEuUGxhY2VzLlNlYXJjaFRleHQQAhgEIAA,True,False
ChIJwWOPJdnR5zsRcgxEPKsyPsI,Aram Vada Pav,Mumbai,food,best street food,indian_restaurant,"Capital Cinema Building, 126, Dr Dadabhai Naoroji Rd, opp. Aram Hotel CSMT, Azad Maidan, Fort, Mumbai, Maharashtra 400001",18.9395191,72.8344889,4.3,5023,PRICE_LEVEL_MODERATE,https://maps.google.com/?cid=13996680402945969266&g_mp=Cidnb29nbGUubWFwcy5wbGFjZXMudjEuUGxhY2VzLlNlYXJjaFRleHQQAhgEIAA,True,False
ChIJO2c4eDjR5zsRwMdXfXR_vmU,Mini Food Street,Mumbai,food,best street food,food,"Municipal Corporation Of Greater Mumbai 4 Metro Station Chhatrapati Shivaji Maharaj Terminus, Metro Station Chhatrapati Shivaji Maharaj Terminus, 9, Azad Maidan, Fort, Mumbai, Maharashtra 400001",18.9395351,72.8344516,5.0,1,PRICE_LEVEL_MODERATE,https://maps.google.com/?cid=7331437381701584832&g_mp=Cidnb29nbGUubWFwcy5wbGFjZXMudjEuUGxhY2VzLlNlYXJjaFRleHQQAhgEIAA,True,False
ChIJE9l-ryPO5zsRRrqjIsy9fBw,Mohanbhai Pudlawala,Mumbai,food,best street food,north_indian_restaurant,"167/171, near Bank Of India, L K Market, Zaveri Bazaar, Kalbadevi, Mumbai, Maharashtra 400003",18.9509033,72.8315918,4.2,436,PRICE_LEVEL_MODERATE,https://maps.google.com/?cid=2052724214626236998&g_mp=Cidnb29nbGUubWFwcy5wbGFjZXMudjEuUGxhY2VzLlNlYXJjaFRleHQQAhgEIAA,True,False
ChIJVVVhWRPI5zsREwcf4Byhf0c,Bombay To Barcelona Library Cafe,Mumbai,food,best cafes,cafe,"Timmy Arcade, 778, Makwana Rd, Gamdevi, Marol, Andheri East, Mumbai, Maharashtra 400059",19.109420399999998,72.88118109999999,4.6,2993,PRICE_LEVEL_MODERATE,https://maps.google.com/?cid=5152013644126422803&g_mp=Cidnb29nbGUubWFwcy5wbGFjZXMudjEuUGxhY2VzLlNlYXJjaFRleHQQAhgEIAA,True,False
ChIJyVc4m77J5zsRgVEr40Ec-Wk,Earth Cafe @ Waterfield,Mumbai,food,best cafes,cafe,"Durga Chambers, Waterfield Road, above Pernia's Pop Up MEN, Bandra West, Mumbai, Maharashtra 400050",19.0590714,72.83403799999999,4.6,4253,PRICE_LEVEL_MODERATE,https://maps.google.com/?cid=7636165712493105537&g_mp=Cidnb29nbGUubWFwcy5wbGFjZXMudjEuUGxhY2VzLlNlYXJjaFRleHQQAhgEIAA,True,False
ChIJuSeZCsPR5zsRI0vnqPEX-JM,Kala Ghoda Cafe,Mumbai,food,best cafes,cafe,"10, Rope Walk Ln, Kala Ghoda, Fort, Mumbai, Maharashtra 400001",18.9284954,72.8322067,4.4,5728,PRICE_LEVEL_MODERATE,https://maps.google.com/?cid=10662298444487936803&g_mp=Cidnb29nbGUubWFwcy5wbGFjZXMudjEuUGxhY2VzLlNlYXJjaFRleHQQAhgEIAA,True,False
ChIJo49oV-rJ5zsRvNAzcQLkwO8,Prithvi Cafe,Mumbai,food,best cafes,cafe,"Apartment, Alongside, Prithvi Theatre, 20, Juhu Rd, Janki Kutir, Juhu, Mumbai, Maharashtra 400049",19.106129199999998,72.8257094,4.4,19459,PRICE_LEVEL_MODERATE,https://maps.google.com/?cid=17276058869733511356&g_mp=Cidnb29nbGUubWFwcy5wbGFjZXMudjEuUGxhY2VzLlNlYXJjaFRleHQQAhgEIAA,True,False
ChIJqSNr-8DR5zsRosXwmBExzRw,Leopold Cafe,Mumbai,food,best cafes,cafe,"Shahid Bhagat Singh Road, Police Station, Colaba Causeway, near Colaba, Apollo Bandar, Colaba, Mumbai, Maharashtra 400001",18.9227947,72.83166589999999,4.2,32614,PRICE_LEVEL_EXPENSIVE,https://maps.google.com/?cid=2075368954937787810&g_mp=Cidnb29nbGUubWFwcy5wbGFjZXMudjEuUGxhY2VzLlNlYXJjaFRleHQQAhgEIAA,True,False
ChIJc1cDbb_R5zsRaO0QnDd1ohQ,Bayview Cafe,Mumbai,food,best cafes,cafe,"25, PJ Ramchandani Marg, Apollo Bandar, Colaba, Mumbai, Maharashtra 400001",18.918850499999998,72.8319937,4.2,3696,PRICE_LEVEL_EXPENSIVE,https://maps.google.com/?cid=1486879708687691112&g_mp=Cidnb29nbGUubWFwcy5wbGFjZXMudjEuUGxhY2VzLlNlYXJjaFRleHQQAhgEIAA,True,False
ChIJnUlZX9LR5zsRE26leBGbqAY,Banyan Tree Cafe,Mumbai,food,best cafes,cafe,"7, 9, Calicut Rd, Ballard Estate, Fort, Mumbai, Maharashtra 400001",18.935253,72.8383786,4.3,1583,PRICE_LEVEL_MODERATE,https://maps.google.com/?cid=479803859655814675&g_mp=Cidnb29nbGUubWFwcy5wbGFjZXMudjEuUGxhY2VzLlNlYXJjaFRleHQQAhgEIAA,True,False
ChIJxY2uoefR5zsRXJcn_xo_D0c,Mockingbird Cafe Bar,Mumbai,food,best cafes,cafe,"80, Veer Nariman Rd, Churchgate, Mumbai, Maharashtra 400020",18.9335015,72.82627500000001,4.4,7217,PRICE_LEVEL_EXPENSIVE,https://maps.google.com/?cid=5120380686526027612&g_mp=Cidnb29nbGUubWFwcy5wbGFjZXMudjEuUGxhY2VzLlNlYXJjaFRleHQQAhgEIAA,True,False
ChIJU5iLmsPR5zsRzrroguw92pQ,Bake House Cafe,Mumbai,food,best cafes,cafe,"Chamber of Commerce Ln, Kala Ghoda, Fort, Mumbai, Maharashtra 400001",18.928067,72.832416,4.4,3623,PRICE_LEVEL_MODERATE,https://maps.google.com/?cid=10725953548554123982&g_mp=Cidnb29nbGUubWFwcy5wbGFjZXMudjEuUGxhY2VzLlNlYXJjaFRleHQQAhgEIAA,True,False
ChIJvVVviTbJ5zsR8QbY4bTDQPM,Lotus Cafe,Mumbai,food,best cafes,cafe,"Jw Marriott, Juhu Tara Rd, Juhu Tara, Juhu, Mumbai, Maharashtra 400049",19.102037,72.825914,4.6,1486,PRICE_LEVEL_MODERATE,https://maps.google.com/?cid=17528224931376531185&g_mp=Cidnb29nbGUubWFwcy5wbGFjZXMudjEuUGxhY2VzLlNlYXJjaFRleHQQAhgEIAA,True,False
ChIJ1zAuK9PD5zsRuKIoOUPuW2A,Earth Soul Cafe,Mumbai,food,best cafes,cafe,"Shop No. 13, Progressive's Sea Lounge, Plot No.44, Sector 15, CBD Belapur, Navi Mumbai, Maharashtra 400614",19.006477,73.0330764,4.7,2511,PRICE_LEVEL_MODERATE,https://maps.google.com/?cid=6943405223010935480&g_mp=Cidnb29nbGUubWFwcy5wbGFjZXMudjEuUGxhY2VzLlNlYXJjaFRleHQQAhgEIAA,True,False
ChIJg913qQ-25zsRaJZdOz-XT1A,Leaping Windows,Mumbai,food,best cafes,coffee_shop,"Corner View 3, Dr.Ashok Chopra Marg, opp. Bianca Towers, Amit Nagar, Versova, Andheri West, Mumbai, Maharashtra 400061",19.138735699999998,72.8134334,4.6,2200,PRICE_LEVEL_MODERATE,https://maps.google.com/?cid=5787010344029099624&g_mp=Cidnb29nbGUubWFwcy5wbGFjZXMudjEuUGxhY2VzLlNlYXJjaFRleHQQAhgEIAA,True,False
ChIJ3Yaqp8PR5zsRAB_124Hf8lg,145 Kala Ghoda,Mumbai,food,best cafes,cafe,"1st, Temple Bar Building, 145, Mahatma Gandhi Road, Kala Ghoda, Fort, Mumbai, Maharashtra 400001",18.9282771,72.831861,4.4,4460,PRICE_LEVEL_EXPENSIVE,https://maps.google.com/?cid=6409430968535686912&g_mp=Cidnb29nbGUubWFwcy5wbGFjZXMudjEuUGxhY2VzLlNlYXJjaFRleHQQAhgEIAA,True,False
ChIJg3iJeXfH5zsRQzQnlXS0qwk,"Le Cafe | Best European Cafe in Chembur, Mumbai",Mumbai,food,best cafes,cafe,"Jewel of chembur, Rd No. 1, opp. Bmc OFFice, near Natraj Cinema, Chembur Gaothan, Chembur, Mumbai, Maharashtra 400071",19.0615942,72.89974099999999,4.4,3446,PRICE_LEVEL_EXPENSIVE,https://maps.google.com/?cid=696848980170454083&g_mp=Cidnb29nbGUubWFwcy5wbGFjZXMudjEuUGxhY2VzLlNlYXJjaFRleHQQAhgEIAA,True,False
ChIJ5waKgMPR5zsREG_EORloWo0,The Nutcracker,Mumbai,food,best cafes,cafe,"Dr, Forbes St, Lion Gate, Fort, Mumbai, Maharashtra 400001",18.9283715,72.8337416,4.4,3278,PRICE_LEVEL_MODERATE,https://maps.google.com/?cid=10185567964804443920&g_mp=Cidnb29nbGUubWFwcy5wbGFjZXMudjEuUGxhY2VzLlNlYXJjaFRleHQQAhgEIAA,True,False
ChIJGfR1mIvO5zsRBXedXmxEQ6U,Zen Cafe,Mumbai,food,best cafes,cafe,"Fort Foundation Building, Bake House Ln, Kala Ghoda, Fort, Mumbai, Maharashtra 400001",18.927662599999998,72.832998,4.2,1260,PRICE_LEVEL_MODERATE,https://maps.google.com/?cid=11908437071932258053&g_mp=Cidnb29nbGUubWFwcy5wbGFjZXMudjEuUGxhY2VzLlNlYXJjaFRleHQQAhgEIAA,True,False
ChIJsUJvtv7R5zsR1hLQPW4B5Hc,Cafe Mondegar,Mumbai,food,best cafes,pub,"Metro House, Colaba Causeway, near Regal Cinema, Apollo Bandar, Colaba, Mumbai, Maharashtra 400001",18.924050299999998,72.8321547,4.4,5916,PRICE_LEVEL_MODERATE,https://maps.google.com/?cid=8639031558198530774&g_mp=Cidnb29nbGUubWFwcy5wbGFjZXMudjEuUGxhY2VzLlNlYXJjaFRleHQQAhgEIAA,True,False
ChIJEQPJYj-25zsR_J7mgxh3UdU,The Homemade Cafe,Mumbai,food,best cafes,cafe,"Shop No. 4, 41, kaveri Building, Near, Oshiwara Police Station Rd, Anand Nagar, Andheri West, Mumbai, Maharashtra 400102",19.149543299999998,72.83169749999999,4.3,1915,PRICE_LEVEL_MODERATE,https://maps.google.com/?cid=15371197950368063228&g_mp=Cidnb29nbGUubWFwcy5wbGFjZXMudjEuUGxhY2VzLlNlYXJjaFRleHQQAhgEIAA,True,False
ChIJocxSr7-35zsRo3QaFwymjRs,The Backyard Brew,Mumbai,food,best cafes,cafe,"Shop No. 1 & 2, Poseidon Apartment, Inlaks Nagar, Versova, Andheri West, Mumbai, Maharashtra 400061",19.1411281,72.8130175,4.4,792,PRICE_LEVEL_MODERATE,https://maps.google.com/?cid=1985425581597684899&g_mp=Cidnb29nbGUubWFwcy5wbGFjZXMudjEuUGxhY2VzLlNlYXJjaFRleHQQAhgEIAA,True,False
ChIJDzVFqy3J5zsRrleWdoPHrc4,Cafe Irani Chaii,Mumbai,food,best cafes,cafe,"Rosary Building, Mia Mohd Chhotani Rd, Geeta Nagar, Mahim West, Mahim, Mumbai, Maharashtra 400016",19.0390084,72.8426801,4.4,6272,PRICE_LEVEL_MODERATE,https://maps.google.com/?cid=14892778910228305838&g_mp=Cidnb29nbGUubWFwcy5wbGFjZXMudjEuUGxhY2VzLlNlYXJjaFRleHQQAhgEIAA,True,False
ChIJRzKMjYzJ5zsRc3HMaVsahhM,Trèsind Mumbai,Mumbai,food,best fine dining restaurants,fine_dining_restaurant,"Ground Floor Inspire BKC E, G Block BKC, Patthar Nagar, Bandra Kurla Complex, Bandra East, Mumbai, Maharashtra 400051",19.0635387,72.8576059,4.7,4568,PRICE_LEVEL_VERY_EXPENSIVE,https://maps.google.com/?cid=1406840913519210867&g_mp=Cidnb29nbGUubWFwcy5wbGFjZXMudjEuUGxhY2VzLlNlYXJjaFRleHQQAhgEIAA,True,False
ChIJu1252lvI5zsR14nH1NzDkTY,Gallops Restaurant,Mumbai,food,best fine dining restaurants,fine_dining_restaurant,"Inside Mahalaxmi Racecourse, Via, Gate no 1, Keshavrao Khadye Marg, Royal Western India Turf Club, Mahalakshmi, Mumbai, Maharashtra 400034",18.9810633,72.8172708,4.4,4357,PRICE_LEVEL_EXPENSIVE,https://maps.google.com/?cid=3932139302901221847&g_mp=Cidnb29nbGUubWFwcy5wbGFjZXMudjEuUGxhY2VzLlNlYXJjaFRleHQQAhgEIAA,True,False
ChIJwxDY1OzO5zsRC72eDjher0s,KOKO,Mumbai,food,best fine dining restaurants,asian_restaurant,"Ground Floor, C Wing, Trade World, Kamala Mills Compound, Lower Parel, Mumbai, Maharashtra 400013",19.0029328,72.8282109,4.6,4363,PRICE_LEVEL_VERY_EXPENSIVE,https://maps.google.com/?cid=5453681268625423627&g_mp=Cidnb29nbGUubWFwcy5wbGFjZXMudjEuUGxhY2VzLlNlYXJjaFRleHQQAhgEIAA,True,False
ChIJVUPVp1bI5zsR5RfbyXJb-_s,Namak,Mumbai,food,best fine dining restaurants,south_indian_restaurant,"Hotel Sahara Star, opposite Terminal 1, Navpada, Vile Parle East, Vile Parle, Mumbai, Maharashtra 400099",19.0953606,72.8541814,4.7,1618,PRICE_LEVEL_MODERATE,https://maps.google.com/?cid=18157206871245264869&g_mp=Cidnb29nbGUubWFwcy5wbGFjZXMudjEuUGxhY2VzLlNlYXJjaFRleHQQAhgEIAA,True,False
ChIJX_bwQbvO5zsRftFFk31MtC8,Slink & Bardot,Mumbai,food,best fine dining restaurants,bar,"Thadani House 329/A Opposite Indian Coast Guard Worli Village, Koliwada, Worli, Mumbai, Maharashtra 400030",19.017246999999998,72.81752100000001,4.7,4945,PRICE_LEVEL_EXPENSIVE,https://maps.google.com/?cid=3437456517815980414&g_mp=Cidnb29nbGUubWFwcy5wbGFjZXMudjEuUGxhY2VzLlNlYXJjaFRleHQQAhgEIAA,True,False
ChIJow6BN8HR5zsR4pHs8jdHOCE,The Table,Mumbai,food,best fine dining restaurants,italian_restaurant,"Ground Floor, Kalapesi Trust Building, opposite Dhanraj Mahal, Apollo Bandar, Colaba, Mumbai, Maharashtra 400039",18.9240005,72.8333078,4.6,3121,PRICE_LEVEL_VERY_EXPENSIVE,https://maps.google.com/?cid=2393741507571782114&g_mp=Cidnb29nbGUubWFwcy5wbGFjZXMudjEuUGxhY2VzLlNlYXJjaFRleHQQAhgEIAA,True,False
ChIJ4Z7wjbjP5zsRBunjLW2YyhE,Sette Mara,Mumbai,food,best fine dining restaurants,middle_eastern_restaurant,"Level 9M, The St. Regis, 462, Senapati Bapat Marg, Lower Parel, Mumbai, Maharashtra 400013",18.994066699999998,72.824626,4.7,566,PRICE_LEVEL_MODERATE,https://maps.google.com/?cid=1282004638629095686&g_mp=Cidnb29nbGUubWFwcy5wbGFjZXMudjEuUGxhY2VzLlNlYXJjaFRleHQQAhgEIAA,True,False
ChIJt-dmfRXI5zsRGJkw0nhSjBU,Jamavar - Indian Speciality Restaurant,Mumbai,food,best fine dining restaurants,restaurant,"Sahar Airport Road, Andheri - Kurla Rd, nearby International Airport, Mariyyman Nagar, Greater Indra Nagar, Andheri East, Mumbai, Maharashtra 400059",19.1093259,72.87382290000001,4.7,1634,PRICE_LEVEL_MODERATE,https://maps.google.com/?cid=1552706650411931928&g_mp=Cidnb29nbGUubWFwcy5wbGFjZXMudjEuUGxhY2VzLlNlYXJjaFRleHQQAhgEIAA,True,False
ChIJU2NHay7R5zsRFWuWj5dvcU0,Ekaa,Mumbai,food,best fine dining restaurants,restaurant,"1st Floor, Kitab Mahal, D Sukhadwala Rd, Azad Maidan, Fort, Mumbai, Maharashtra 400001",18.937483,72.8338696,4.5,572,PRICE_LEVEL_MODERATE,https://maps.google.com/?cid=5580364110028499733&g_mp=Cidnb29nbGUubWFwcy5wbGFjZXMudjEuUGxhY2VzLlNlYXJjaFRleHQQAhgEIAA,True,False
ChIJe2U4L-zI5zsRa6ovuoq6yM0,Masala Library by Jiggs Kalra,Mumbai,food,best fine dining restaurants,north_indian_restaurant,"Ground Floor, First International Financial Centre, Citi Bank Building, G Block BKC, Bandra Kurla Complex, Bandra East, Mumbai, Maharashtra 400098",19.0691053,72.8697293,4.5,6180,PRICE_LEVEL_VERY_EXPENSIVE,https://maps.google.com/?cid=14828306878109297259&g_mp=Cidnb29nbGUubWFwcy5wbGFjZXMudjEuUGxhY2VzLlNlYXJjaFRleHQQAhgEIAA,True,False
ChIJX0CkXAfJ5zsRlmyqYWQLknc,Peshawri - ITC Maratha,Mumbai,food,best fine dining restaurants,restaurant,"Chhatrapati Shivaji Maharaj Int'l Airport Rd, near International Airport, Ashok Nagar, Andheri East, Mumbai, Maharashtra 400099",19.1039375,72.86944439999999,4.7,399,PRICE_LEVEL_MODERATE,https://maps.google.com/?cid=8615961562876374166&g_mp=Cidnb29nbGUubWFwcy5wbGFjZXMudjEuUGxhY2VzLlNlYXJjaFRleHQQAhgEIAA,True,False
ChIJjcC5dozO5zsRHkFGr0xsfD0,By The Mekong,Mumbai,food,best fine dining restaurants,restaurant,"The Penthouse, Level 37, at The St. Regis, 462, Senapati Bapat Marg, next to Phoenix Palladium, Parel, Mumbai, Maharashtra 400013",18.994066699999998,72.824626,4.5,1825,PRICE_LEVEL_VERY_EXPENSIVE,https://maps.google.com/?cid=4430535210039656734&g_mp=Cidnb29nbGUubWFwcy5wbGFjZXMudjEuUGxhY2VzLlNlYXJjaFRleHQQAhgEIAA,True,False
ChIJUyk0oB3J5zsRkchVbuE2Ung,La Loca Maria,Mumbai,food,best fine dining restaurants,spanish_restaurant,"Fatima villa, 29th Rd, Bandra West, Mumbai, Maharashtra 400050",19.0615086,72.8300866,4.6,1645,PRICE_LEVEL_MODERATE,https://maps.google.com/?cid=8670052574488283281&g_mp=Cidnb29nbGUubWFwcy5wbGFjZXMudjEuUGxhY2VzLlNlYXJjaFRleHQQAhgEIAA,True,False
ChIJU61RfWDJ5zsReUDILMI8peo,Indian Accent Mumbai,Mumbai,food,best fine dining restaurants,indian_restaurant,"Ground Floor, Nita Mukesh Ambani Cultural Centre, Jio World Centre, C-64, G Block, Bandra Kurla Complex, Bandra East, Mumbai, Maharashtra 400051",19.0652364,72.8664515,4.6,2655,PRICE_LEVEL_MODERATE,https://maps.google.com/?cid=16907987180705038457&g_mp=Cidnb29nbGUubWFwcy5wbGFjZXMudjEuUGxhY2VzLlNlYXJjaFRleHQQAhgEIAA,True,False
ChIJ7QJJJ-_R5zsRI4gFwe1G0Js,Ziya Restaurant,Mumbai,food,best fine dining restaurants,north_indian_restaurant,"The Oberoi, Mumbai, Nariman Point, Mumbai, Maharashtra 400021",18.9267987,72.8203461,4.5,3780,PRICE_LEVEL_VERY_EXPENSIVE,https://maps.google.com/?cid=11227551857994205219&g_mp=Cidnb29nbGUubWFwcy5wbGFjZXMudjEuUGxhY2VzLlNlYXJjaFRleHQQAhgEIAA,True,False
